"FacilityId","ProduceDate","ShiftDefinitionShift","SortMold","SortOrderList","ZZSTYLCODE","ZZGENDER","ZZPARTNO","ZZATCOLR","ZZCOLORCODE","ProductSize","MoldNo","MoldInventory","SumBodySizeNeed","SumRequiredUpperMoldQuantity","SteerRequiredUpperMoldQuantity","ActualRequiredUpperMoldQuantity"
2210030000000000001,"20250602","6330_VNbc_3rdShift",1,"1",N,M,H0001,"50%WARM VANILLA S25","50%AFDM",UK_8,"18336",4.00000000,0.00000000,0.00000000,0.00000000,0.00000000
2210030000000000001,"20250602","6330_VNbc_3rdShift",2,"2",N,M,H0001,CARBON S18/25%CARBON S18,AAGG/25%AAGG,UK_10,"64986",4.00000000,0.00000000,0.00000000,0.00000000,0.00000000
2210030000000000001,"20250602","6330_VNbc_3rdShift",3,"3",N,W,H0001,LUCID LEMON F23/75%LUCID LEMON F23,AEWQ/75%AEWQ,UK_8-,"64986",2.00000000,0.00000000,1.00000000,1.00000000,1.00000000
2210030000000000001,"20250602","6330_VNbc_3rdShift",4,"4",N,W,H0001,"80%GUM 2","80%18F0",UK_3-,"05344",1.00000000,0.00000000,0.00000000,0.00000000,0.00000000
2210030000000000001,"20250602","6330_VNbc_3rdShift",5,"5",N,M,H0001,FTWR WHITE,"01F7",UK_6,"64699",2.00000000,0.00000000,0.00000000,0.00000000,0.00000000
2210030000000000001,"20250602","6330_VNbc_3rdShift",6,"6",N,M,H0001,DASH GREY S20/90%DASH GREY S20,ADAN/90%ADAN,UK_6-,"64986",3.00000000,0.00000000,0.00000000,0.00000000,0.00000000
2210030000000000001,"20250602","6330_VNbc_3rdShift",7,"7",N,W,H0001,SANDY PINK F24/50%SANDY PINK F24,AFB1/50%AFB1,UK_9,"64986",3.00000000,0.00000000,0.00000000,0.00000000,0.00000000
2210030000000000001,"20250602","6330_VNbc_3rdShift",8,"8,477",N,W,H0001,GUM4,"26F0",UK_3-,"05344",1.00000000,338.00000000,12.00000000,2.00000000,2.00000000
2210030000000000001,"20250602","6330_VNbc_3rdShift",9,"9",N,W,H0001,HALO SILVER S21/75%HALO SILVER S21,ADW8/75%ADW8,UK_3-,"64986",1.00000000,0.00000000,0.00000000,0.00000000,0.00000000
2210030000000000001,"20250602","6330_VNbc_3rdShift",10,"10,112,232,450,528",N,M,H0001,CORE BLACK/COLLEGIATE GOLD,A0QM/06F0,UK_11,"66331",2.00000000,309.00000000,13.00000000,10.00000000,2.00000000
2210030000000000001,"20250602","6330_VNbc_3rdShift",11,"11",N,J,H0001,CORE BLACK,A0QM,UK_3,"01969",2.00000000,0.00000000,0.00000000,0.00000000,0.00000000
2210030000000000001,"20250602","6330_VNbc_3rdShift",12,"12",N,M,H0001,HALO SILVER S21/75%HALO SILVER S21,ADW8/75%ADW8,UK_6-,"64986",3.00000000,0.00000000,0.00000000,0.00000000,0.00000000
2210030000000000001,"20250602","6330_VNbc_3rdShift",13,"13,99",N,M,H0001,CORE BLACK/BOLD GOLD,A0QM/005A,UK_7-,"55844",1.00000000,0.00000000,1.00000000,1.00000000,1.00000000
2210030000000000001,"20250602","6330_VNbc_3rdShift",14,"14,26,240,357,432",N,M,H0001,CORE BLACK/GREY THREE F17/COLLEGIATE GOLD,A0QM/AA2T/06F0,UK_7-,"61023",4.00000000,31.00000000,6.00000000,6.00000000,4.00000000
2210030000000000001,"20250602","6330_VNbc_3rdShift",15,"15",N,W,H0001,CORE BLACK/25%CORE BLACK,A0QM/25%A0QM,UK_5,"64986",2.00000000,0.00000000,0.00000000,0.00000000,0.00000000
2210030000000000001,"20250602","6330_VNbc_3rdShift",16,"16,58,431",N,K,H0001,CORE BLACK/FTWR WHITE/GREY THREE F17/SCARLET/NATURAL,A0QM/01F7/AA2T/A091/NA02,UK_3,"37610",1.00000000,0.00000000,0.00000000,0.00000000,0.00000000
2210030000000000001,"20250602","6330_VNbc_3rdShift",17,"17",N,M,H0001,CORE BLACK,A0QM,UK_8,"64546",1.00000000,0.00000000,0.00000000,0.00000000,0.00000000
2210030000000000001,"20250602","6330_VNbc_3rdShift",18,"18,337,443",N,K,H0001,CORE BLACK/FTWR WHITE/GREY THREE F17/SCARLET/NATURAL,A0QM/01F7/AA2T/A091/NA02,UK_2,"37610",1.00000000,0.00000000,2.00000000,2.00000000,1.00000000
2210030000000000001,"20250602","6330_VNbc_3rdShift",19,"19",N,M,H0001,CARBON S18/25%CARBON S18,AAGG/25%AAGG,UK_12,"64986",1.00000000,0.00000000,0.00000000,0.00000000,0.00000000
2210030000000000001,"20250602","6330_VNbc_3rdShift",20,"20",N,M,H0001,GREY ONE F17/COLLEGIATE GOLD,AA2R/06F0,UK_10,"66331",2.00000000,0.00000000,0.00000000,0.00000000,0.00000000
2210030000000000001,"20250602","6330_VNbc_3rdShift",21,"21,331",N,W,H0001,"80%GUM 5","80%27F0",UK_10-,"05344",1.00000000,0.00000000,0.00000000,0.00000000,0.00000000
2210030000000000001,"20250602","6330_VNbc_3rdShift",22,"22,326",N,W,H0001,TECH INDIGO S20,ADAM,UK_6-,"66680",1.00000000,179.00000000,6.00000000,2.00000000,1.00000000
2210030000000000001,"20250602","6330_VNbc_3rdShift",23,"23,348",N,W,H0001,"80%GUM 2","80%18F0",UK_4-,"05344",3.00000000,807.00000000,27.00000000,6.00000000,4.00000000
2210030000000000001,"20250602","6330_VNbc_3rdShift",24,"24,551",N,M,H0001,CORE BLACK/COLLEGIATE GOLD,A0QM/06F0,UK_12,"66331",1.00000000,0.00000000,1.00000000,1.00000000,1.00000000
2210030000000000001,"20250602","6330_VNbc_3rdShift",25,"25",N,M,H0001,GREY FIVE F17/CORE BLACK,AA2V/A0QM,UK_12,"64699",1.00000000,0.00000000,0.00000000,0.00000000,0.00000000
2210030000000000001,"20250602","6330_VNbc_3rdShift",26,"27",N,U,H0001,JET BLACK/MEADOW MIST,"19-0303TPG/12-0106TPG",EU_41,PVN-6004,1.00000000,17.00000000,2.00000000,1.00000000,1.00000000
2210030000000000001,"20250602","6330_VNbc_3rdShift",27,"28",N,W,H0001,DASH GREY S20/90%DASH GREY S20,ADAN/90%ADAN,UK_9,"64986",3.00000000,0.00000000,0.00000000,0.00000000,0.00000000
2210030000000000001,"20250602","6330_VNbc_3rdShift",28,"29",N,M,H0001,HALO SILVER S21/75%HALO SILVER S21,ADW8/75%ADW8,UK_12-,"64986",2.00000000,0.00000000,0.00000000,0.00000000,0.00000000
2210030000000000001,"20250602","6330_VNbc_3rdShift",29,"30,144",N,M,H0001,FTWR WHITE,"01F7",UK_10-,"64699",1.00000000,39.00000000,3.00000000,2.00000000,1.00000000
2210030000000000001,"20250602","6330_VNbc_3rdShift",30,"31",N,W,H0001,GUM4,"26F0",UK_4,"05344",2.00000000,343.00000000,12.00000000,2.00000000,2.00000000
2210030000000000001,"20250602","6330_VNbc_3rdShift",31,"32",N,W,H0001,HALO SILVER S21/75%HALO SILVER S21,ADW8/75%ADW8,UK_8-,"64986",2.00000000,0.00000000,0.00000000,0.00000000,0.00000000
2210030000000000001,"20250602","6330_VNbc_3rdShift",32,"33",N,W,H0001,"80%GUM 5","80%27F0",UK_7-,"05344",1.00000000,0.00000000,0.00000000,0.00000000,0.00000000
2210030000000000001,"20250602","6330_VNbc_3rdShift",33,"34",N,W,H0001,VIOLET TONE F21/GREY ONE F17,AE68/AA2R,UK_5,"64699",1.00000000,0.00000000,0.00000000,0.00000000,0.00000000
2210030000000000001,"20250602","6330_VNbc_3rdShift",34,"35",N,W,H0001,FTWR WHITE/GUM3,"01F7/19F0",UK_4,"19383",5.00000000,0.00000000,3.00000000,3.00000000,3.00000000
2210030000000000001,"20250602","6330_VNbc_3rdShift",35,"36,471",N,M,H0001,CORE BLACK/COLLEGIATE GOLD,A0QM/06F0,UK_7,"66331",2.00000000,0.00000000,0.00000000,0.00000000,0.00000000
2210030000000000001,"20250602","6330_VNbc_3rdShift",36,"37,141",N,M,H0001,CARBON S18/25%CARBON S18,AAGG/25%AAGG,UK_13-,"64986",1.00000000,0.00000000,0.00000000,0.00000000,0.00000000
2210030000000000001,"20250602","6330_VNbc_3rdShift",37,"38,494",N,W,H0001,HALO SILVER S21/75%HALO SILVER S21,ADW8/75%ADW8,UK_6-,"64986",3.00000000,0.00000000,0.00000000,0.00000000,0.00000000
2210030000000000001,"20250602","6330_VNbc_3rdShift",38,"39",N,K,H0001,AURORA BLACK S24/AMBER TINT S20/POWER RED,AF4N/ADBB/31F0,UK_13-K,"35255-1",1.00000000,0.00000000,0.00000000,0.00000000,0.00000000
2210030000000000001,"20250602","6330_VNbc_3rdShift",39,"40,186,290",N,M,H0001,CORE BLACK/BOLD GOLD,A0QM/005A,UK_7,"55844",1.00000000,0.00000000,0.00000000,0.00000000,0.00000000
2210030000000000001,"20250602","6330_VNbc_3rdShift",40,"41,354",N,W,H0001,CORE BLACK/GREY FIVE F17,A0QM/AA2V,UK_6-,"64699",2.00000000,0.00000000,0.00000000,0.00000000,0.00000000
2210030000000000001,"20250602","6330_VNbc_3rdShift",41,"42,482",N,M,H0001,CORE BLACK/COLLEGIATE GOLD,A0QM/06F0,UK_10,"66331",2.00000000,142.00000000,8.00000000,4.00000000,2.00000000
2210030000000000001,"20250602","6330_VNbc_3rdShift",42,"43",N,M,H0001,PRELOVED INK S24/50%PRELOVED INK S24,AF4L/50%AF4L,UK_10,"64986",4.00000000,0.00000000,0.00000000,0.00000000,0.00000000
2210030000000000001,"20250602","6330_VNbc_3rdShift",43,"44",N,W,H0001,TECH INDIGO S20,ADAM,UK_3,"66680",1.00000000,0.00000000,0.00000000,0.00000000,0.00000000
2210030000000000001,"20250602","6330_VNbc_3rdShift",44,"45",N,W,H0001,SANDY PINK F24/50%SANDY PINK F24,AFB1/50%AFB1,UK_6,"64986",3.00000000,0.00000000,2.00000000,2.00000000,2.00000000
2210030000000000001,"20250602","6330_VNbc_3rdShift",45,"46",N,K,H0001,CORE BLACK/COLLEGIATE GOLD,A0QM/06F0,UK_11K,"06819",1.00000000,0.00000000,0.00000000,0.00000000,0.00000000
2210030000000000001,"20250602","6330_VNbc_3rdShift",46,"47",N,M,H0001,LUCID BLUE S23/GLOW BLUE F19,AETB/ACDZ,UK_7,"64546",1.00000000,0.00000000,0.00000000,0.00000000,0.00000000
2210030000000000001,"20250602","6330_VNbc_3rdShift",47,"48,223",N,W,H0001,TECH INDIGO S20,ADAM,UK_5-,"66680",1.00000000,229.00000000,8.00000000,2.00000000,1.00000000
2210030000000000001,"20250602","6330_VNbc_3rdShift",48,"49",N,M,H0001,FTWR WHITE,"01F7",UK_8-,"64699",1.00000000,5.00000000,2.00000000,1.00000000,1.00000000
2210030000000000001,"20250602","6330_VNbc_3rdShift",49,"50,322",N,W,H0001,GUM4,"26F0",UK_6-,"05344",2.00000000,36.00000000,5.00000000,4.00000000,3.00000000
2210030000000000001,"20250602","6330_VNbc_3rdShift",50,"51",N,W,H0001,FTWR WHITE,"01F7",UK_4-,"64699",1.00000000,0.00000000,0.00000000,0.00000000,0.00000000
2210030000000000001,"20250602","6330_VNbc_3rdShift",51,"52,225",N,M,H0001,CORE BLACK/CARBON S18/COLLEGIATE GOLD,A0QM/AAGG/06F0,UK_10,"66331",2.00000000,265.00000000,9.00000000,4.00000000,0.00000000
2210030000000000001,"20250602","6330_VNbc_3rdShift",52,"53",N,M,H0001,FTWR WHITE/CORE BLACK,"01F7/A0QM",UK_9,"64546",1.00000000,0.00000000,0.00000000,0.00000000,0.00000000
2210030000000000001,"20250602","6330_VNbc_3rdShift",53,"54",N,W,H0001,FTWR WHITE/GUM3,"01F7/19F0",UK_5,"19383",14.00000000,0.00000000,0.00000000,0.00000000,0.00000000
2210030000000000001,"20250602","6330_VNbc_3rdShift",54,"55,258",N,W,H0001,FTWR WHITE/90%FTWR WHITE,"01F7/90%01F7",UK_6-,"64986",3.00000000,29.00000000,5.00000000,5.00000000,3.00000000
2210030000000000001,"20250602","6330_VNbc_3rdShift",55,"56",N,W,H0001,CORE BLACK/75%CORE BLACK,A0QM/75%A0QM,UK_5,"64986",2.00000000,71.00000000,4.00000000,2.00000000,2.00000000
2210030000000000001,"20250602","6330_VNbc_3rdShift",56,"57",N,M,H0001,"50%SILVER PEBBLE S23/CORE BLACK","50%AESW/A0QM",UK_10-,"59056",1.00000000,231.00000000,9.00000000,1.00000000,1.00000000
2210030000000000001,"20250602","6330_VNbc_3rdShift",57,"59,320,507",N,M,H0001,CRYSTAL WHITE S16/90%CRYSTAL WHITE S16,A8L5/90%A8L5,UK_10,"64986",4.00000000,0.00000000,5.00000000,5.00000000,4.00000000
2210030000000000001,"20250602","6330_VNbc_3rdShift",58,"60",N,W,H0001,GUM4,"26F0",UK_5-,"05344",3.00000000,0.00000000,1.00000000,1.00000000,1.00000000
2210030000000000001,"20250602","6330_VNbc_3rdShift",59,"61,518",N,W,H0001,FTWR WHITE/GUM3,"01F7/19F0",UK_7,"19383",4.00000000,0.00000000,3.00000000,3.00000000,3.00000000
2210030000000000001,"20250602","6330_VNbc_3rdShift",60,"62,83",N,M,H0001,FTWR WHITE,"01F7",UK_9,"64699",2.00000000,0.00000000,0.00000000,0.00000000,0.00000000
2210030000000000001,"20250602","6330_VNbc_3rdShift",61,"63",N,M,H0001,LUCID LEMON F23/50%LUCID LEMON F23,AEWQ/50%AEWQ,UK_7-,"64986",4.00000000,0.00000000,0.00000000,0.00000000,0.00000000
2210030000000000001,"20250602","6330_VNbc_3rdShift",62,"64",N,M,H0001,CORE BLACK/75%CORE BLACK,A0QM/75%A0QM,UK_12,"64986",1.00000000,0.00000000,0.00000000,0.00000000,0.00000000
2210030000000000001,"20250602","6330_VNbc_3rdShift",63,"65",N,M,H0001,GREY ONE F17/COLLEGIATE GOLD,AA2R/06F0,UK_8-,"66331",4.00000000,0.00000000,0.00000000,0.00000000,0.00000000
2210030000000000001,"20250602","6330_VNbc_3rdShift",64,"66",N,M,H0001,LUCID LEMON F23/50%LUCID LEMON F23,AEWQ/50%AEWQ,UK_8-,"64986",3.00000000,0.00000000,0.00000000,0.00000000,0.00000000
2210030000000000001,"20250602","6330_VNbc_3rdShift",65,"67",N,M,H0001,CORE BLACK/COLLEGIATE GOLD,A0QM/06F0,UK_10-,"61023",2.00000000,0.00000000,0.00000000,0.00000000,0.00000000
2210030000000000001,"20250602","6330_VNbc_3rdShift",66,"68,156",N,W,H0001,"80%GUM 2","80%18F0",UK_6-,"05344",2.00000000,1166.00000000,32.00000000,4.00000000,0.00000000
2210030000000000001,"20250602","6330_VNbc_3rdShift",67,"69",N,M,H0001,FTWR WHITE,"01F7",UK_9-,"64699",2.00000000,0.00000000,0.00000000,0.00000000,0.00000000
2210030000000000001,"20250602","6330_VNbc_3rdShift",68,"70",N,M,H0001,CORE BLACK/BOLD GOLD,A0QM/005A,UK_8,"55844",2.00000000,0.00000000,0.00000000,0.00000000,0.00000000
2210030000000000001,"20250602","6330_VNbc_3rdShift",69,"71",N,M,H0001,CORE BLACK/COLLEGIATE GOLD,A0QM/06F0,UK_8,"66331",3.00000000,0.00000000,0.00000000,0.00000000,0.00000000
2210030000000000001,"20250602","6330_VNbc_3rdShift",70,"72",N,W,H0001,CRYSTAL WHITE S16,A8L5,UK_5-,"64546",1.00000000,1217.00000000,32.00000000,1.00000000,1.00000000
2210030000000000001,"20250602","6330_VNbc_3rdShift",71,"73",NA,W,H0001,"50%GUM 3","50%19F0",UK_6,"18336",5.00000000,0.00000000,0.00000000,0.00000000,0.00000000
2210030000000000001,"20250602","6330_VNbc_3rdShift",72,"74",N,W,H0001,FTWR WHITE/90%FTWR WHITE,"01F7/90%01F7",UK_3-,"64986",1.00000000,0.00000000,1.00000000,1.00000000,1.00000000
2210030000000000001,"20250602","6330_VNbc_3rdShift",73,"75",N,M,H0001,CORE BLACK/GREY THREE F17/LUCID RED S25,A0QM/AA2T/AFDD,UK_9,"66883",1.00000000,234.00000000,7.00000000,1.00000000,1.00000000
2210030000000000001,"20250602","6330_VNbc_3rdShift",74,"76,257",N,M,H0001,CORE BLACK/COLLEGIATE GOLD,A0QM/06F0,UK_11-,"61023",1.00000000,0.00000000,2.00000000,2.00000000,1.00000000
2210030000000000001,"20250602","6330_VNbc_3rdShift",75,"77",N,W,H0001,GUM4,"26F0",UK_10,"05344",1.00000000,0.00000000,0.00000000,0.00000000,0.00000000
2210030000000000001,"20250602","6330_VNbc_3rdShift",76,"78",N,U,H0001,JET BLACK/MEADOW MIST,"19-0303TPG/12-0106TPG",EU_46,PVN-6004,1.00000000,0.00000000,0.00000000,0.00000000,0.00000000
2210030000000000001,"20250602","6330_VNbc_3rdShift",77,"79,113",N,M,H0001,CORE BLACK/CARBON S18/COLLEGIATE GOLD,A0QM/AAGG/06F0,UK_11,"66331",2.00000000,194.00000000,7.00000000,4.00000000,0.00000000
2210030000000000001,"20250602","6330_VNbc_3rdShift",78,"80",NA,W,H0001,OFF WHITE/GUM5,"08S1/27F0",UK_5,"19383",14.00000000,0.00000000,0.00000000,0.00000000,0.00000000
2210030000000000001,"20250602","6330_VNbc_3rdShift",79,"81",N,M,H0001,CORE BLACK/COLLEGIATE GOLD,A0QM/06F0,UK_9,"66331",3.00000000,0.00000000,0.00000000,0.00000000,0.00000000
2210030000000000001,"20250602","6330_VNbc_3rdShift",80,"82,491",N,M,H0001,CORE BLACK/GREY THREE F17/COLLEGIATE GOLD,A0QM/AA2T/06F0,UK_12-,"61023",1.00000000,0.00000000,0.00000000,0.00000000,0.00000000
2210030000000000001,"20250602","6330_VNbc_3rdShift",81,"84",N,W,H0001,GUM4,"26F0",UK_7,"05344",1.00000000,211.00000000,7.00000000,1.00000000,1.00000000
2210030000000000001,"20250602","6330_VNbc_3rdShift",82,"85",N,M,H0001,CORE BLACK/BOLD GOLD,A0QM/005A,UK_12,"65533",1.00000000,0.00000000,0.00000000,0.00000000,0.00000000
2210030000000000001,"20250602","6330_VNbc_3rdShift",83,"86,355,470",N,W,H0001,"80%GUM 2","80%18F0",UK_7-,"05344",1.00000000,389.00000000,14.00000000,3.00000000,2.00000000
2210030000000000001,"20250602","6330_VNbc_3rdShift",84,"87,526",N,M,H0001,CORE BLACK/CARBON S18,A0QM/AAGG,UK_9-,"66883",1.00000000,326.00000000,10.00000000,2.00000000,1.00000000
2210030000000000001,"20250602","6330_VNbc_3rdShift",85,"88",N,W,H0001,LUCID PINK F23/LUCID LEMON F23,AEYV/AEWQ,UK_8,"64546",1.00000000,0.00000000,1.00000000,1.00000000,1.00000000
2210030000000000001,"20250602","6330_VNbc_3rdShift",86,"89",N,M,H0001,COBALT BLUE F24/75%COBALT BLUE F24,AFAG/75%AFAG,UK_8-,"64986",3.00000000,0.00000000,0.00000000,0.00000000,0.00000000
2210030000000000001,"20250602","6330_VNbc_3rdShift",87,"90,243,455",N,W,H0001,FTWR WHITE/90%FTWR WHITE,"01F7/90%01F7",UK_8,"64986",3.00000000,0.00000000,0.00000000,0.00000000,0.00000000
2210030000000000001,"20250602","6330_VNbc_3rdShift",88,"91,238",N,M,H0001,CRYSTAL WHITE S16/90%CRYSTAL WHITE S16,A8L5/90%A8L5,UK_11,"64986",2.00000000,0.00000000,0.00000000,0.00000000,0.00000000
2210030000000000001,"20250602","6330_VNbc_3rdShift",89,"92,159,356",N,W,H0001,"80%GUM 5","80%27F0",UK_7,"05344",1.00000000,0.00000000,0.00000000,0.00000000,0.00000000
2210030000000000001,"20250602","6330_VNbc_3rdShift",90,"93",N,K,H0001,CORE BLACK/FTWR WHITE/GREY THREE F17/SCARLET/NATURAL,A0QM/01F7/AA2T/A091/NA02,UK_1,"37610",1.00000000,0.00000000,0.00000000,0.00000000,0.00000000
2210030000000000001,"20250602","6330_VNbc_3rdShift",91,"94,237",N,W,H0001,CORE BLACK/FLASH AQUA F23,A0QM/AEWR,UK_7-,"61023",3.00000000,43.00000000,2.00000000,2.00000000,0.00000000
2210030000000000001,"20250602","6330_VNbc_3rdShift",92,"95,439",N,W,H0001,CORE BLACK/YELLOW,A0QM/003A,UK_7,"66680",1.00000000,0.00000000,0.00000000,0.00000000,0.00000000
2210030000000000001,"20250602","6330_VNbc_3rdShift",93,"96",N,U,H0001,JET BLACK/MEADOW MIST,"19-0303TPG/12-0106TPG",EU_40,PVN-6004,1.00000000,0.00000000,1.00000000,1.00000000,1.00000000
2210030000000000001,"20250602","6330_VNbc_3rdShift",94,"97,184,523",N,M,H0001,CRYSTAL WHITE S16/90%CRYSTAL WHITE S16,A8L5/90%A8L5,UK_7-,"64986",4.00000000,0.00000000,0.00000000,0.00000000,0.00000000
2210030000000000001,"20250602","6330_VNbc_3rdShift",95,"98",N,J,H0001,CORE BLACK,A0QM,UK_4,"01969",3.00000000,0.00000000,0.00000000,0.00000000,0.00000000
2210030000000000001,"20250602","6330_VNbc_3rdShift",96,"100",N,M,H0001,CORE BLACK/HALO SILVER S21,A0QM/ADW8,UK_8-,"61023",4.00000000,0.00000000,0.00000000,0.00000000,0.00000000
2210030000000000001,"20250602","6330_VNbc_3rdShift",97,"101",N,M,H0001,CORE BLACK/GREY THREE F17/LUCID RED S25,A0QM/AA2T/AFDD,UK_12,"66883",1.00000000,0.00000000,0.00000000,0.00000000,0.00000000
2210030000000000001,"20250602","6330_VNbc_3rdShift",98,"102",N,W,H0001,"80%GUM 5","80%27F0",UK_10,"05344",1.00000000,0.00000000,0.00000000,0.00000000,0.00000000
2210030000000000001,"20250602","6330_VNbc_3rdShift",99,"103,157,402",N,K,H0001,CORE BLACK/COLLEGIATE GOLD,A0QM/06F0,UK_2-,"06819",2.00000000,0.00000000,0.00000000,0.00000000,0.00000000
2210030000000000001,"20250602","6330_VNbc_3rdShift",100,"104",N,M,H0001,CORE BLACK/75%CORE BLACK,A0QM/75%A0QM,UK_11,"64986",2.00000000,0.00000000,2.00000000,2.00000000,2.00000000
2210030000000000001,"20250602","6330_VNbc_3rdShift",101,"105,465",N,M,H0001,GREY FIVE F17/CORE BLACK,AA2V/A0QM,UK_10,"64699",1.00000000,74.00000000,3.00000000,2.00000000,1.00000000
2210030000000000001,"20250602","6330_VNbc_3rdShift",102,"106,537",N,M,H0001,CORE BLACK,A0QM,UK_8-,"01746",8.00000000,0.00000000,0.00000000,0.00000000,0.00000000
2210030000000000001,"20250602","6330_VNbc_3rdShift",103,"107",N,M,H0001,CORE BLACK/75%CORE BLACK,A0QM/75%A0QM,UK_8-,"64986",3.00000000,0.00000000,0.00000000,0.00000000,0.00000000
2210030000000000001,"20250602","6330_VNbc_3rdShift",104,"108,127,544",N,K,H0001,CORE BLACK/FTWR WHITE/GREY THREE F17/SCARLET/NATURAL,A0QM/01F7/AA2T/A091/NA02,UK_4-,"37610",1.00000000,0.00000000,2.00000000,2.00000000,2.00000000
2210030000000000001,"20250602","6330_VNbc_3rdShift",105,"109",N,M,H0001,TAUPE OXIDE S21/50%TAUPE OXIDE S21,ADW9/50%ADW9,UK_7,"64986",4.00000000,0.00000000,0.00000000,0.00000000,0.00000000
2210030000000000001,"20250602","6330_VNbc_3rdShift",106,"110,209",N,W,H0001,GREY ONE F17/COLLEGIATE GOLD,AA2R/06F0,UK_4,"66331",1.00000000,0.00000000,0.00000000,0.00000000,0.00000000
2210030000000000001,"20250602","6330_VNbc_3rdShift",107,"111,259",N,M,H0001,DASH GREY S20/90%DASH GREY S20,ADAN/90%ADAN,UK_11,"64986",2.00000000,18.00000000,2.00000000,2.00000000,0.00000000
2210030000000000001,"20250602","6330_VNbc_3rdShift",108,"114",N,W,H0001,TECH INDIGO S20,ADAM,UK_13-,"66680",1.00000000,0.00000000,0.00000000,0.00000000,0.00000000
2210030000000000001,"20250602","6330_VNbc_3rdShift",109,"115,378",NA,W,H0001,OFF WHITE/GUM5,"08S1/27F0",UK_6,"19383",13.00000000,0.00000000,1.00000000,1.00000000,1.00000000
2210030000000000001,"20250602","6330_VNbc_3rdShift",110,"116",N,W,H0001,FTWR WHITE/75%FTWR WHITE,"01F7/75%01F7",UK_9-,"64986",3.00000000,0.00000000,0.00000000,0.00000000,0.00000000
2210030000000000001,"20250602","6330_VNbc_3rdShift",111,"117,399",N,M,H0001,CORE BLACK/GREY THREE F17/COLLEGIATE GOLD,A0QM/AA2T/06F0,UK_8-,"61023",4.00000000,166.00000000,9.00000000,8.00000000,4.00000000
2210030000000000001,"20250602","6330_VNbc_3rdShift",112,"118",NA,W,H0001,OFF WHITE/GUM5,"08S1/27F0",UK_7-,"19383",3.00000000,0.00000000,0.00000000,0.00000000,0.00000000
2210030000000000001,"20250602","6330_VNbc_3rdShift",113,"119",NA,W,H0001,IVORY S24/CORE BLACK,AF42/A0QM,UK_9,"19383",1.00000000,0.00000000,0.00000000,0.00000000,0.00000000
2210030000000000001,"20250602","6330_VNbc_3rdShift",114,"120,205",N,K,H0001,CORE BLACK/COLLEGIATE GOLD,A0QM/06F0,UK_10-K,"06819",1.00000000,0.00000000,0.00000000,0.00000000,0.00000000
2210030000000000001,"20250602","6330_VNbc_3rdShift",115,"121",N,M,H0001,SOLAR RED/CORE BLACK,"088A/A0QM",UK_7-,"66680",1.00000000,0.00000000,0.00000000,0.00000000,0.00000000
2210030000000000001,"20250602","6330_VNbc_3rdShift",116,"122",N,M,H0001,CORE BLACK,A0QM,UK_7,"55847",1.00000000,0.00000000,0.00000000,0.00000000,0.00000000
2210030000000000001,"20250602","6330_VNbc_3rdShift",117,"123",N,M,H0001,CORE BLACK,A0QM,UK_8-,"64546",1.00000000,180.00000000,6.00000000,1.00000000,1.00000000
2210030000000000001,"20250602","6330_VNbc_3rdShift",118,"124",N,M,H0001,"50%SILVER PEBBLE S23/CORE BLACK","50%AESW/A0QM",UK_12-,"59056",1.00000000,0.00000000,1.00000000,1.00000000,1.00000000
2210030000000000001,"20250602","6330_VNbc_3rdShift",119,"125,359",N,K,H0001,CORE BLACK/FTWR WHITE/GREY THREE F17/SCARLET/NATURAL,A0QM/01F7/AA2T/A091/NA02,UK_4,"37610",1.00000000,0.00000000,0.00000000,0.00000000,0.00000000
2210030000000000001,"20250602","6330_VNbc_3rdShift",120,"126,251",N,W,H0001,TECH INDIGO S20,ADAM,UK_4,"66680",1.00000000,85.00000000,5.00000000,2.00000000,1.00000000
2210030000000000001,"20250602","6330_VNbc_3rdShift",121,"128,464,468",N,M,H0001,FTWR WHITE,"01F7",UK_7-,"64699",1.00000000,0.00000000,0.00000000,0.00000000,0.00000000
2210030000000000001,"20250602","6330_VNbc_3rdShift",122,"129",NA,W,H0001,IVORY S24/CORE BLACK,AF42/A0QM,UK_7,"19383",4.00000000,1169.00000000,35.00000000,4.00000000,4.00000000
2210030000000000001,"20250602","6330_VNbc_3rdShift",123,"130",N,W,H0001,"80%GUM 2","80%18F0",UK_4,"05344",2.00000000,646.00000000,19.00000000,2.00000000,1.00000000
2210030000000000001,"20250602","6330_VNbc_3rdShift",124,"131,148",N,U,H0001,JET BLACK/MEADOW MIST,"19-0303TPG/12-0106TPG",EU_37,PVN-6004,1.00000000,0.00000000,0.00000000,0.00000000,0.00000000
2210030000000000001,"20250602","6330_VNbc_3rdShift",125,"132,447",N,M,H0001,BLACK/ASH,BLK/A2JA,UK_7,"03303",8.00000000,0.00000000,0.00000000,0.00000000,0.00000000
2210030000000000001,"20250602","6330_VNbc_3rdShift",126,"133",N,K,H0001,AURORA BLACK S24/AMBER TINT S20/POWER RED,AF4N/ADBB/31F0,UK_6-,"35255-1",2.00000000,0.00000000,0.00000000,0.00000000,0.00000000
2210030000000000001,"20250602","6330_VNbc_3rdShift",127,"134,197",N,K,H0001,CORE BLACK/FTWR WHITE/GREY THREE F17/SCARLET/NATURAL,A0QM/01F7/AA2T/A091/NA02,UK_11K,"37610",1.00000000,0.00000000,0.00000000,0.00000000,0.00000000
2210030000000000001,"20250602","6330_VNbc_3rdShift",128,"135",N,W,H0001,"80%GUM 5","80%27F0",UK_3-,"05344",1.00000000,6.00000000,1.00000000,1.00000000,0.00000000
2210030000000000001,"20250602","6330_VNbc_3rdShift",129,"136,220",N,W,H0001,TECH INDIGO S20,ADAM,UK_11-,"66680",1.00000000,0.00000000,0.00000000,0.00000000,0.00000000
2210030000000000001,"20250602","6330_VNbc_3rdShift",130,"137",N,M,H0001,CORE BLACK/25%CORE BLACK,A0QM/25%A0QM,UK_11-,"64986",2.00000000,1931.00000000,59.00000000,2.00000000,2.00000000
2210030000000000001,"20250602","6330_VNbc_3rdShift",131,"138",N,M,H0001,DASH GREY S20/90%DASH GREY S20,ADAN/90%ADAN,UK_9-,"64986",4.00000000,0.00000000,0.00000000,0.00000000,0.00000000
2210030000000000001,"20250602","6330_VNbc_3rdShift",132,"139",N,M,H0001,CORE BLACK/75%CORE BLACK,A0QM/75%A0QM,UK_10-,"64986",4.00000000,0.00000000,0.00000000,0.00000000,0.00000000
2210030000000000001,"20250602","6330_VNbc_3rdShift",133,"140,373,461",N,K,H0001,CORE BLACK/COLLEGIATE GOLD,A0QM/06F0,UK_5,"06819",2.00000000,63.00000000,7.00000000,6.00000000,4.00000000
2210030000000000001,"20250602","6330_VNbc_3rdShift",134,"142",N,W,H0001,GREY ONE F17/COLLEGIATE GOLD,AA2R/06F0,UK_7,"66331",2.00000000,0.00000000,0.00000000,0.00000000,0.00000000
2210030000000000001,"20250602","6330_VNbc_3rdShift",135,"143",N,W,H0001,FTWR WHITE/90%FTWR WHITE,"01F7/90%01F7",UK_4-,"64986",1.00000000,0.00000000,0.00000000,0.00000000,0.00000000
2210030000000000001,"20250602","6330_VNbc_3rdShift",136,"145,310",N,M,H0001,"50%SILVER PEBBLE S23/CORE BLACK","50%AESW/A0QM",UK_11,"59056",1.00000000,167.00000000,8.00000000,2.00000000,1.00000000
2210030000000000001,"20250602","6330_VNbc_3rdShift",137,"146",N,W,H0001,LUCID PINK F23/LUCID LEMON F23,AEYV/AEWQ,UK_5,"64546",1.00000000,0.00000000,0.00000000,0.00000000,0.00000000
2210030000000000001,"20250602","6330_VNbc_3rdShift",138,"147",N,M,H0001,CORE BLACK/CARBON S18/COLLEGIATE GOLD,A0QM/AAGG/06F0,UK_8,"66331",3.00000000,0.00000000,0.00000000,0.00000000,0.00000000
2210030000000000001,"20250602","6330_VNbc_3rdShift",139,"149",N,W,H0001,FTWR WHITE/GUM3,"01F7/19F0",UK_6-,"19383",8.00000000,0.00000000,0.00000000,0.00000000,0.00000000
2210030000000000001,"20250602","6330_VNbc_3rdShift",140,"150",N,M,H0001,LUCID LEMON F23/50%LUCID LEMON F23,AEWQ/50%AEWQ,UK_6,"64986",3.00000000,0.00000000,1.00000000,1.00000000,1.00000000
2210030000000000001,"20250602","6330_VNbc_3rdShift",141,"151,278,444",N,M,H0001,CORE BLACK/COLLEGIATE GOLD,A0QM/06F0,UK_10-,"66331",2.00000000,139.00000000,7.00000000,6.00000000,2.00000000
2210030000000000001,"20250602","6330_VNbc_3rdShift",142,"152",NA,W,H0001,IVORY S24/CORE BLACK,AF42/A0QM,UK_4-,"19383",7.00000000,2223.00000000,65.00000000,7.00000000,7.00000000
2210030000000000001,"20250602","6330_VNbc_3rdShift",143,"153,445,480",N,K,H0001,CORE BLACK/FTWR WHITE/GREY THREE F17/SCARLET/NATURAL,A0QM/01F7/AA2T/A091/NA02,UK_2-,"37610",1.00000000,0.00000000,1.00000000,1.00000000,1.00000000
2210030000000000001,"20250602","6330_VNbc_3rdShift",144,"154",RIGHT FOO,W,H0001,CORE BLACK,A0QM,UK_2-,"05344",1.00000000,0.00000000,0.00000000,0.00000000,0.00000000
2210030000000000001,"20250602","6330_VNbc_3rdShift",145,"155",N,W,H0001,CRYSTAL WHITE S16,A8L5,UK_3-,"64546",1.00000000,111.00000000,4.00000000,1.00000000,1.00000000
2210030000000000001,"20250602","6330_VNbc_3rdShift",146,"158",N,M,H0001,LUCID LEMON F23/50%LUCID LEMON F23,AEWQ/50%AEWQ,UK_9-,"64986",4.00000000,0.00000000,0.00000000,0.00000000,0.00000000
2210030000000000001,"20250602","6330_VNbc_3rdShift",147,"160",N,W,H0001,FTWR WHITE/90%FTWR WHITE,"01F7/90%01F7",UK_5-,"64986",2.00000000,0.00000000,0.00000000,0.00000000,0.00000000
2210030000000000001,"20250602","6330_VNbc_3rdShift",148,"161",RIGHT FOO,W,H0001,CORE BLACK,A0QM,UK_11-,"05344",1.00000000,0.00000000,0.00000000,0.00000000,0.00000000
2210030000000000001,"20250602","6330_VNbc_3rdShift",149,"162",N,W,H0001,LUCID LEMON F23/75%LUCID LEMON F23,AEWQ/75%AEWQ,UK_6,"64986",3.00000000,86.00000000,3.00000000,3.00000000,0.00000000
2210030000000000001,"20250602","6330_VNbc_3rdShift",150,"163",N,W,H0001,TECH INDIGO S20,ADAM,UK_7,"66680",1.00000000,63.00000000,3.00000000,1.00000000,1.00000000
2210030000000000001,"20250602","6330_VNbc_3rdShift",151,"164",N,W,H0001,"80%GUM 2","80%18F0",UK_5-,"05344",3.00000000,282.00000000,11.00000000,3.00000000,3.00000000
2210030000000000001,"20250602","6330_VNbc_3rdShift",152,"165,248",N,M,H0001,CORE BLACK/GREY THREE F17/COLLEGIATE GOLD,A0QM/AA2T/06F0,UK_10-,"61023",2.00000000,52.00000000,5.00000000,4.00000000,2.00000000
2210030000000000001,"20250602","6330_VNbc_3rdShift",153,"166",N,W,H0001,GREY ONE F17/COLLEGIATE GOLD,AA2R/06F0,UK_8-,"66331",4.00000000,0.00000000,0.00000000,0.00000000,0.00000000
2210030000000000001,"20250602","6330_VNbc_3rdShift",154,"167",N,M,H0001,CORE BLACK/BOLD GOLD,A0QM/005A,UK_4-,"55844",1.00000000,0.00000000,0.00000000,0.00000000,0.00000000
2210030000000000001,"20250602","6330_VNbc_3rdShift",155,"168",N,W,H0001,GUM4,"26F0",UK_6,"05344",2.00000000,678.00000000,21.00000000,2.00000000,2.00000000
2210030000000000001,"20250602","6330_VNbc_3rdShift",156,"169",N,W,H0001,CORE BLACK/COLLEGIATE GOLD,A0QM/06F0,UK_7,"66331",2.00000000,0.00000000,0.00000000,0.00000000,0.00000000
2210030000000000001,"20250602","6330_VNbc_3rdShift",157,"170,293,418",N,K,H0001,CORE BLACK/FTWR WHITE/GREY THREE F17/SCARLET/NATURAL,A0QM/01F7/AA2T/A091/NA02,UK_5,"37610",1.00000000,0.00000000,1.00000000,1.00000000,1.00000000
2210030000000000001,"20250602","6330_VNbc_3rdShift",158,"171",N,W,H0001,TECH INDIGO S20,ADAM,UK_10,"66680",1.00000000,0.00000000,0.00000000,0.00000000,0.00000000
2210030000000000001,"20250602","6330_VNbc_3rdShift",159,"172,415",N,M,H0001,"50%SILVER PEBBLE S23/CORE BLACK","50%AESW/A0QM",UK_8,"59056",1.00000000,334.00000000,13.00000000,2.00000000,1.00000000
2210030000000000001,"20250602","6330_VNbc_3rdShift",160,"173",N,W,H0001,LUCID LEMON F23/75%LUCID LEMON F23,AEWQ/75%AEWQ,UK_8,"64986",3.00000000,0.00000000,0.00000000,0.00000000,0.00000000
2210030000000000001,"20250602","6330_VNbc_3rdShift",161,"174,281",N,M,H0001,FTWR WHITE/75%FTWR WHITE,"01F7/75%01F7",UK_11,"64986",2.00000000,173.00000000,6.00000000,4.00000000,0.00000000
2210030000000000001,"20250602","6330_VNbc_3rdShift",162,"175",N,M,H0001,COBALT BLUE F24/75%COBALT BLUE F24,AFAG/75%AFAG,UK_4-,"64986",2.00000000,0.00000000,0.00000000,0.00000000,0.00000000
2210030000000000001,"20250602","6330_VNbc_3rdShift",163,"176",N,W,H0001,CORE BLACK/COLLEGIATE GOLD,A0QM/06F0,UK_5-,"66331",2.00000000,0.00000000,0.00000000,0.00000000,0.00000000
2210030000000000001,"20250602","6330_VNbc_3rdShift",164,"177",N,J,H0001,CORE BLACK/GREY TWO F17,A0QM/AA2S,UK_3-,"70187",1.00000000,215.00000000,8.00000000,1.00000000,1.00000000
2210030000000000001,"20250602","6330_VNbc_3rdShift",165,"178",N,M,H0001,GREY STRATA S25/WONDER ALUMINA S25,AFDK/AFDP,UK_8-,"64699",1.00000000,120.00000000,3.00000000,1.00000000,0.00000000
2210030000000000001,"20250602","6330_VNbc_3rdShift",166,"179",N,M,H0001,CORE BLACK/BETTER SCARLET S23,A0QM/AETG,UK_9-,"19732",4.00000000,114.00000000,8.00000000,4.00000000,4.00000000
2210030000000000001,"20250602","6330_VNbc_3rdShift",167,"180",N,M,H0001,COBALT BLUE F24/75%COBALT BLUE F24,AFAG/75%AFAG,UK_10-,"64986",4.00000000,0.00000000,1.00000000,1.00000000,1.00000000
2210030000000000001,"20250602","6330_VNbc_3rdShift",168,"181",N,M,H0001,CARBON S18/25%CARBON S18,AAGG/25%AAGG,UK_12-,"64986",2.00000000,0.00000000,0.00000000,0.00000000,0.00000000
2210030000000000001,"20250602","6330_VNbc_3rdShift",169,"182",N,W,H0001,VIOLET TONE F21/50%VIOLET TONE F21,AE68/50%AE68,UK_7,"64986",3.00000000,0.00000000,0.00000000,0.00000000,0.00000000
2210030000000000001,"20250602","6330_VNbc_3rdShift",170,"183",N,M,H0001,LUCID LEMON F23/50%LUCID LEMON F23,AEWQ/50%AEWQ,UK_9,"64986",6.00000000,0.00000000,0.00000000,0.00000000,0.00000000
2210030000000000001,"20250602","6330_VNbc_3rdShift",171,"185,303",N,M,H0001,CRYSTAL WHITE S16/90%CRYSTAL WHITE S16,A8L5/90%A8L5,UK_6-,"64986",3.00000000,66.00000000,3.00000000,3.00000000,0.00000000
2210030000000000001,"20250602","6330_VNbc_3rdShift",172,"187",N,M,H0001,LUCID LEMON F23/50%LUCID LEMON F23,AEWQ/50%AEWQ,UK_10,"64986",4.00000000,42.00000000,2.00000000,2.00000000,0.00000000
2210030000000000001,"20250602","6330_VNbc_3rdShift",173,"188,374",N,W,H0001,CORE BLACK/75%CORE BLACK,A0QM/75%A0QM,UK_6-,"64986",3.00000000,231.00000000,8.00000000,6.00000000,0.00000000
2210030000000000001,"20250602","6330_VNbc_3rdShift",174,"189,233,428",N,M,H0001,FTWR WHITE,"01F7",UK_11,"64699",1.00000000,18.00000000,3.00000000,3.00000000,1.00000000
2210030000000000001,"20250602","6330_VNbc_3rdShift",175,"190,305",N,M,H0001,HALO SILVER S21/75%HALO SILVER S21,ADW8/75%ADW8,UK_8,"64986",5.00000000,0.00000000,0.00000000,0.00000000,0.00000000
2210030000000000001,"20250602","6330_VNbc_3rdShift",176,"191",N,W,H0001,TECH INDIGO S20,ADAM,UK_7-,"66680",1.00000000,0.00000000,0.00000000,0.00000000,0.00000000
2210030000000000001,"20250602","6330_VNbc_3rdShift",177,"192",N,M,H0001,"50%SILVER PEBBLE S23/CORE BLACK","50%AESW/A0QM",UK_5-,"59056",1.00000000,8.00000000,2.00000000,1.00000000,1.00000000
2210030000000000001,"20250602","6330_VNbc_3rdShift",178,"193",N,M,H0001,LUCID RED S25/50%LUCID RED S25,AFDD/50%AFDD,UK_6-,"64986",3.00000000,7.00000000,1.00000000,1.00000000,0.00000000
2210030000000000001,"20250602","6330_VNbc_3rdShift",179,"194",N,M,H0001,FTWR WHITE/75%FTWR WHITE,"01F7/75%01F7",UK_11-,"64986",2.00000000,81.00000000,3.00000000,2.00000000,0.00000000
2210030000000000001,"20250602","6330_VNbc_3rdShift",180,"195",RIGHT FOO,W,H0001,CORE BLACK,A0QM,UK_8-,"05344",1.00000000,0.00000000,0.00000000,0.00000000,0.00000000
2210030000000000001,"20250602","6330_VNbc_3rdShift",181,"196",N,W,H0001,GREY FIVE F17/50%GREY FIVE F17,AA2V/50%AA2V,UK_6,"64986",3.00000000,4.00000000,1.00000000,1.00000000,0.00000000
2210030000000000001,"20250602","6330_VNbc_3rdShift",182,"198",N,K,H0001,CORE BLACK/FTWR WHITE/GREY THREE F17/SCARLET/NATURAL,A0QM/01F7/AA2T/A091/NA02,UK_1-,"37610",1.00000000,0.00000000,0.00000000,0.00000000,0.00000000
2210030000000000001,"20250602","6330_VNbc_3rdShift",183,"199",N,M,H0001,LUCID RED S25/50%LUCID RED S25,AFDD/50%AFDD,UK_5-,"64986",3.00000000,0.00000000,0.00000000,0.00000000,0.00000000
2210030000000000001,"20250602","6330_VNbc_3rdShift",184,"200,387",N,W,H0001,FTWR WHITE,"01F7",UK_7,"64699",1.00000000,0.00000000,1.00000000,1.00000000,1.00000000
2210030000000000001,"20250602","6330_VNbc_3rdShift",185,"201",N,W,H0001,GUM4,"26F0",UK_11-,"05344",1.00000000,0.00000000,0.00000000,0.00000000,0.00000000
2210030000000000001,"20250602","6330_VNbc_3rdShift",186,"202,263,376",N,K,H0001,CORE BLACK/FTWR WHITE/GREY THREE F17/SCARLET/NATURAL,A0QM/01F7/AA2T/A091/NA02,UK_6-,"37610",3.00000000,0.00000000,0.00000000,0.00000000,0.00000000
2210030000000000001,"20250602","6330_VNbc_3rdShift",187,"203",N,K,H0001,CORE BLACK/COLLEGIATE GOLD,A0QM/06F0,UK_12-K,"06819",1.00000000,0.00000000,0.00000000,0.00000000,0.00000000
2210030000000000001,"20250602","6330_VNbc_3rdShift",188,"204",N,M,H0001,CORE BLACK,A0QM,UK_9-,"64699",2.00000000,0.00000000,1.00000000,1.00000000,1.00000000
2210030000000000001,"20250602","6330_VNbc_3rdShift",189,"206",N,W,H0001,"80%GUM 2","80%18F0",UK_9-,"05344",1.00000000,0.00000000,0.00000000,0.00000000,0.00000000
2210030000000000001,"20250602","6330_VNbc_3rdShift",190,"207",N,M,H0001,CORE BLACK,A0QM,UK_10,"55847",1.00000000,0.00000000,0.00000000,0.00000000,0.00000000
2210030000000000001,"20250602","6330_VNbc_3rdShift",191,"208",N,K,H0001,CORE BLACK/COLLEGIATE GOLD,A0QM/06F0,UK_13K,"06819",1.00000000,0.00000000,0.00000000,0.00000000,0.00000000
2210030000000000001,"20250602","6330_VNbc_3rdShift",192,"210",N,M,H0001,CORE BLACK,A0QM,UK_7-,"55847",2.00000000,705.00000000,18.00000000,2.00000000,2.00000000
2210030000000000001,"20250602","6330_VNbc_3rdShift",193,"211,324,361",N,M,H0001,CORE BLACK/COLLEGIATE GOLD,A0QM/06F0,UK_7-,"66331",3.00000000,0.00000000,0.00000000,0.00000000,0.00000000
2210030000000000001,"20250602","6330_VNbc_3rdShift",194,"212",N,W,H0001,CORE BLACK/75%CORE BLACK,A0QM/75%A0QM,UK_7,"64986",3.00000000,0.00000000,0.00000000,0.00000000,0.00000000
2210030000000000001,"20250602","6330_VNbc_3rdShift",195,"213,510",N,K,H0001,CORE BLACK/FTWR WHITE/GREY THREE F17/SCARLET/NATURAL,A0QM/01F7/AA2T/A091/NA02,UK_13K,"37610",1.00000000,0.00000000,0.00000000,0.00000000,0.00000000
2210030000000000001,"20250602","6330_VNbc_3rdShift",196,"214",N,M,H0001,CORE BLACK/FTWR WHITE,A0QM/01F7,UK_9,"66883",1.00000000,2450.00000000,62.00000000,1.00000000,0.00000000
2210030000000000001,"20250602","6330_VNbc_3rdShift",197,"215,241",N,K,H0001,CORE BLACK/FTWR WHITE/GREY THREE F17/SCARLET/NATURAL,A0QM/01F7/AA2T/A091/NA02,UK_10K,"37610",1.00000000,0.00000000,0.00000000,0.00000000,0.00000000
2210030000000000001,"20250602","6330_VNbc_3rdShift",198,"216",N,W,H0001,GREY ONE F17/COLLEGIATE GOLD,AA2R/06F0,UK_8,"66331",3.00000000,0.00000000,0.00000000,0.00000000,0.00000000
2210030000000000001,"20250602","6330_VNbc_3rdShift",199,"217",N,W,H0001,CORE BLACK/75%CORE BLACK,A0QM/75%A0QM,UK_6,"64986",3.00000000,34.00000000,1.00000000,1.00000000,0.00000000
2210030000000000001,"20250602","6330_VNbc_3rdShift",200,"218",N,J,H0001,CORE BLACK,A0QM,UK_3-,"01969",2.00000000,0.00000000,1.00000000,1.00000000,1.00000000
2210030000000000001,"20250602","6330_VNbc_3rdShift",201,"219",N,M,H0001,OFF WHITE,"08S1",UK_6-,"01746",5.00000000,0.00000000,0.00000000,0.00000000,0.00000000
2210030000000000001,"20250602","6330_VNbc_3rdShift",202,"221,332",N,K,H0001,CORE BLACK/COLLEGIATE GOLD,A0QM/06F0,UK_4-,"06819",2.00000000,0.00000000,1.00000000,1.00000000,1.00000000
2210030000000000001,"20250602","6330_VNbc_3rdShift",203,"222",N,M,H0001,CORE BLACK,A0QM,UK_11,"55847",1.00000000,0.00000000,0.00000000,0.00000000,0.00000000
2210030000000000001,"20250602","6330_VNbc_3rdShift",204,"224",N,M,H0001,"50%WARM VANILLA S25","50%AFDM",UK_4-,"18336",5.00000000,0.00000000,0.00000000,0.00000000,0.00000000
2210030000000000001,"20250602","6330_VNbc_3rdShift",205,"226",N,K,H0001,CORE BLACK/COLLEGIATE GOLD,A0QM/06F0,UK_3-,"06819",2.00000000,0.00000000,1.00000000,1.00000000,1.00000000
2210030000000000001,"20250602","6330_VNbc_3rdShift",206,"227",N,M,H0001,CORE BLACK/COLLEGIATE GOLD,A0QM/06F0,UK_12-,"66331",1.00000000,0.00000000,0.00000000,0.00000000,0.00000000
2210030000000000001,"20250602","6330_VNbc_3rdShift",207,"228",N,M,H0001,CRYSTAL WHITE S16/90%CRYSTAL WHITE S16,A8L5/90%A8L5,UK_16,"64986",1.00000000,0.00000000,0.00000000,0.00000000,0.00000000
2210030000000000001,"20250602","6330_VNbc_3rdShift",208,"229",N,W,H0001,"80%GUM 5","80%27F0",UK_6-,"05344",2.00000000,206.00000000,6.00000000,2.00000000,0.00000000
2210030000000000001,"20250602","6330_VNbc_3rdShift",209,"230,381",N,M,H0001,FTWR WHITE,"01F7",UK_11-,"64699",1.00000000,0.00000000,1.00000000,1.00000000,1.00000000
2210030000000000001,"20250602","6330_VNbc_3rdShift",210,"231",N,W,H0001,CORE BLACK/FLASH AQUA F23,A0QM/AEWR,UK_5-,"61023",2.00000000,0.00000000,0.00000000,0.00000000,0.00000000
2210030000000000001,"20250602","6330_VNbc_3rdShift",211,"234",N,K,H0001,CORE BLACK/FTWR WHITE/POWER RED,A0QM/01F7/31F0,UK_2,"35255-1",1.00000000,0.00000000,1.00000000,1.00000000,1.00000000
2210030000000000001,"20250602","6330_VNbc_3rdShift",212,"235,501",NA,W,H0001,IVORY S24/CORE BLACK,AF42/A0QM,UK_4,"19383",5.00000000,2278.00000000,69.00000000,10.00000000,9.00000000
2210030000000000001,"20250602","6330_VNbc_3rdShift",213,"236",N,W,H0001,CORE BLACK/GREY FIVE F17,A0QM/AA2V,UK_4,"64699",1.00000000,0.00000000,0.00000000,0.00000000,0.00000000
2210030000000000001,"20250602","6330_VNbc_3rdShift",214,"239",N,W,H0001,CRYSTAL WHITE S16,A8L5,UK_5,"64546",1.00000000,472.00000000,13.00000000,1.00000000,1.00000000
2210030000000000001,"20250602","6330_VNbc_3rdShift",215,"242",N,M,H0001,SOLAR RED/CORE BLACK,"088A/A0QM",UK_10-,"66680",1.00000000,0.00000000,0.00000000,0.00000000,0.00000000
2210030000000000001,"20250602","6330_VNbc_3rdShift",216,"244,483",N,M,H0001,HALO SILVER S21/75%HALO SILVER S21,ADW8/75%ADW8,UK_10-,"64986",4.00000000,0.00000000,3.00000000,3.00000000,2.00000000
2210030000000000001,"20250602","6330_VNbc_3rdShift",217,"245",N,M,H0001,COBALT BLUE F24/75%COBALT BLUE F24,AFAG/75%AFAG,UK_7-,"64986",4.00000000,0.00000000,1.00000000,1.00000000,1.00000000
2210030000000000001,"20250602","6330_VNbc_3rdShift",218,"246,297,446",N,K,H0001,CORE BLACK/FTWR WHITE/GREY THREE F17/SCARLET/NATURAL,A0QM/01F7/AA2T/A091/NA02,UK_11-K,"37610",1.00000000,0.00000000,0.00000000,0.00000000,0.00000000
2210030000000000001,"20250602","6330_VNbc_3rdShift",219,"247",N,M,H0001,FTWR WHITE,"01F7",UK_10,"64699",1.00000000,37.00000000,1.00000000,1.00000000,0.00000000
2210030000000000001,"20250602","6330_VNbc_3rdShift",220,"249,350",N,M,H0001,FTWR WHITE/75%FTWR WHITE,"01F7/75%01F7",UK_10-,"64986",4.00000000,125.00000000,5.00000000,5.00000000,1.00000000
2210030000000000001,"20250602","6330_VNbc_3rdShift",221,"250",N,U,H0001,JET BLACK/MEADOW MIST,"19-0303TPG/12-0106TPG",EU_43,PVN-6004,2.00000000,93.00000000,5.00000000,2.00000000,2.00000000
2210030000000000001,"20250602","6330_VNbc_3rdShift",222,"252",N,J,H0001,CORE BLACK,A0QM,UK_5-,"01969",5.00000000,0.00000000,0.00000000,0.00000000,0.00000000
2210030000000000001,"20250602","6330_VNbc_3rdShift",223,"253,372",N,M,H0001,CORE BLACK/GREY THREE F17/COLLEGIATE GOLD,A0QM/AA2T/06F0,UK_11-,"61023",1.00000000,72.00000000,3.00000000,2.00000000,0.00000000
2210030000000000001,"20250602","6330_VNbc_3rdShift",224,"254,538",N,M,H0001,"50%SILVER PEBBLE S23/CORE BLACK","50%AESW/A0QM",UK_7,"59056",1.00000000,105.00000000,6.00000000,2.00000000,1.00000000
2210030000000000001,"20250602","6330_VNbc_3rdShift",225,"255",N,W,H0001,LUCID LEMON F23/75%LUCID LEMON F23,AEWQ/75%AEWQ,UK_6-,"64986",3.00000000,86.00000000,3.00000000,3.00000000,0.00000000
2210030000000000001,"20250602","6330_VNbc_3rdShift",226,"256",N,M,H0001,FTWR WHITE/75%FTWR WHITE,"01F7/75%01F7",UK_4,"64986",1.00000000,0.00000000,0.00000000,0.00000000,0.00000000
2210030000000000001,"20250602","6330_VNbc_3rdShift",227,"260",N,M,H0001,"50%SILVER PEBBLE S23/CORE BLACK","50%AESW/A0QM",UK_6-,"59056",1.00000000,31.00000000,2.00000000,1.00000000,1.00000000
2210030000000000001,"20250602","6330_VNbc_3rdShift",228,"261",N,M,H0001,CORE BLACK/BLUE/BETTER SCARLET S23,A0QM/040A/AETG,UK_12,"66883",1.00000000,0.00000000,1.00000000,1.00000000,1.00000000
2210030000000000001,"20250602","6330_VNbc_3rdShift",229,"262",N,M,H0001,CORE BLACK/BETTER SCARLET S23,A0QM/AETG,UK_9,"19732",6.00000000,0.00000000,0.00000000,0.00000000,0.00000000
2210030000000000001,"20250602","6330_VNbc_3rdShift",230,"264",N,W,H0001,PUTTY BEIGE S25/75%PUTTY BEIGE S25,AFDN/75%AFDN,UK_5-,"64986",2.00000000,0.00000000,1.00000000,1.00000000,1.00000000
2210030000000000001,"20250602","6330_VNbc_3rdShift",231,"265",N,M,H0001,TAUPE OXIDE S21/50%TAUPE OXIDE S21,ADW9/50%ADW9,UK_8,"64986",5.00000000,0.00000000,0.00000000,0.00000000,0.00000000
2210030000000000001,"20250602","6330_VNbc_3rdShift",232,"266",N,M,H0001,"50%SILVER PEBBLE S23/CORE BLACK","50%AESW/A0QM",UK_4,"59056",1.00000000,0.00000000,0.00000000,0.00000000,0.00000000
2210030000000000001,"20250602","6330_VNbc_3rdShift",233,"267,377",N,M,H0001,CORE BLACK/COLLEGIATE GOLD,A0QM/06F0,UK_9-,"61023",4.00000000,560.00000000,22.00000000,8.00000000,4.00000000
2210030000000000001,"20250602","6330_VNbc_3rdShift",234,"268",N,W,H0001,TECH INDIGO S20,ADAM,UK_11,"66680",1.00000000,0.00000000,0.00000000,0.00000000,0.00000000
2210030000000000001,"20250602","6330_VNbc_3rdShift",235,"269",N,W,H0001,"80%GUM 2","80%18F0",UK_7,"05344",1.00000000,0.00000000,1.00000000,1.00000000,1.00000000
2210030000000000001,"20250602","6330_VNbc_3rdShift",236,"270",N,W,H0001,GREY ONE F17/COLLEGIATE GOLD,AA2R/06F0,UK_6,"66331",2.00000000,0.00000000,0.00000000,0.00000000,0.00000000
2210030000000000001,"20250602","6330_VNbc_3rdShift",237,"271",N,M,H0001,CORE BLACK/75%CORE BLACK,A0QM/75%A0QM,UK_12-,"64986",2.00000000,0.00000000,0.00000000,0.00000000,0.00000000
2210030000000000001,"20250602","6330_VNbc_3rdShift",238,"272",N,M,H0001,CORE BLACK/BOLD GOLD,A0QM/005A,UK_5-,"55844",1.00000000,0.00000000,1.00000000,1.00000000,1.00000000
2210030000000000001,"20250602","6330_VNbc_3rdShift",239,"273",N,W,H0001,DASH GREY S20/90%DASH GREY S20,ADAN/90%ADAN,UK_6,"64986",3.00000000,13.00000000,1.00000000,1.00000000,0.00000000
2210030000000000001,"20250602","6330_VNbc_3rdShift",240,"274,282,409",N,K,H0001,CORE BLACK/FTWR WHITE/GREY THREE F17/SCARLET/NATURAL,A0QM/01F7/AA2T/A091/NA02,UK_6,"37610",2.00000000,0.00000000,0.00000000,0.00000000,0.00000000
2210030000000000001,"20250602","6330_VNbc_3rdShift",241,"275",N,M,H0001,HALO SILVER S21/75%HALO SILVER S21,ADW8/75%ADW8,UK_9-,"64986",4.00000000,0.00000000,0.00000000,0.00000000,0.00000000
2210030000000000001,"20250602","6330_VNbc_3rdShift",242,"276,545",N,U,H0001,JET BLACK/MEADOW MIST,"19-0303TPG/12-0106TPG",EU_44,PVN-6004,1.00000000,267.00000000,10.00000000,2.00000000,1.00000000
2210030000000000001,"20250602","6330_VNbc_3rdShift",243,"277",N,W,H0001,"80%GUM 2","80%18F0",UK_9,"05344",1.00000000,0.00000000,0.00000000,0.00000000,0.00000000
2210030000000000001,"20250602","6330_VNbc_3rdShift",244,"279",N,W,H0001,"80%GUM 5","80%27F0",UK_6,"05344",2.00000000,200.00000000,7.00000000,2.00000000,1.00000000
2210030000000000001,"20250602","6330_VNbc_3rdShift",245,"280",N,K,H0001,AURORA BLACK S24/AMBER TINT S20/POWER RED,AF4N/ADBB/31F0,UK_13K,"35255-1",1.00000000,0.00000000,0.00000000,0.00000000,0.00000000
2210030000000000001,"20250602","6330_VNbc_3rdShift",246,"283",N,K,H0001,CORE BLACK/FTWR WHITE/POWER RED,A0QM/01F7/31F0,UK_6,"35255-1",2.00000000,0.00000000,0.00000000,0.00000000,0.00000000
2210030000000000001,"20250602","6330_VNbc_3rdShift",247,"284",N,W,H0001,FTWR WHITE/90%FTWR WHITE,"01F7/90%01F7",UK_9,"64986",3.00000000,0.00000000,0.00000000,0.00000000,0.00000000
2210030000000000001,"20250602","6330_VNbc_3rdShift",248,"285",N,M,H0001,LUCID BLUE S23/GLOW BLUE F19,AETB/ACDZ,UK_8,"64546",1.00000000,20.00000000,1.00000000,1.00000000,0.00000000
2210030000000000001,"20250602","6330_VNbc_3rdShift",249,"286",N,W,H0001,CORE BLACK/75%CORE BLACK,A0QM/75%A0QM,UK_5-,"64986",2.00000000,0.00000000,1.00000000,1.00000000,1.00000000
2210030000000000001,"20250602","6330_VNbc_3rdShift",250,"287",N,M,H0001,GREY FIVE F17/CORE BLACK,AA2V/A0QM,UK_11,"64699",1.00000000,74.00000000,2.00000000,1.00000000,0.00000000
2210030000000000001,"20250602","6330_VNbc_3rdShift",251,"288",N,M,H0001,"20%GUM 2","20%18F0",UK_6-,"18336",6.00000000,0.00000000,0.00000000,0.00000000,0.00000000
2210030000000000001,"20250602","6330_VNbc_3rdShift",252,"289,414",N,K,H0001,CORE BLACK/COLLEGIATE GOLD,A0QM/06F0,UK_6-,"06819",1.00000000,0.00000000,0.00000000,0.00000000,0.00000000
2210030000000000001,"20250602","6330_VNbc_3rdShift",253,"291",N,M,H0001,CORE BLACK,A0QM,UK_9-,"64546",1.00000000,4.00000000,2.00000000,1.00000000,1.00000000
2210030000000000001,"20250602","6330_VNbc_3rdShift",254,"292,495",N,M,H0001,CORE BLACK/COLLEGIATE GOLD,A0QM/06F0,UK_8-,"66331",4.00000000,0.00000000,3.00000000,3.00000000,3.00000000
2210030000000000001,"20250602","6330_VNbc_3rdShift",255,"294",N,W,H0001,FTWR WHITE/GUM3,"01F7/19F0",UK_3-,"19383",3.00000000,0.00000000,0.00000000,0.00000000,0.00000000
2210030000000000001,"20250602","6330_VNbc_3rdShift",256,"295",N,K,H0001,CORE BLACK/FTWR WHITE/GREY THREE F17/SCARLET/NATURAL,A0QM/01F7/AA2T/A091/NA02,UK_10-K,"37610",1.00000000,0.00000000,0.00000000,0.00000000,0.00000000
2210030000000000001,"20250602","6330_VNbc_3rdShift",257,"296,408,513",N,M,H0001,CORE BLACK/GREY THREE F17/COLLEGIATE GOLD,A0QM/AA2T/06F0,UK_9-,"61023",4.00000000,2706.00000000,85.00000000,12.00000000,0.00000000
2210030000000000001,"20250602","6330_VNbc_3rdShift",258,"298",N,M,H0001,CORE BLACK,A0QM,UK_6,"64546",1.00000000,0.00000000,1.00000000,1.00000000,1.00000000
2210030000000000001,"20250602","6330_VNbc_3rdShift",259,"299",N,W,H0001,CORE BLACK/25%CORE BLACK,A0QM/25%A0QM,UK_4-,"64986",1.00000000,0.00000000,1.00000000,1.00000000,1.00000000
2210030000000000001,"20250602","6330_VNbc_3rdShift",260,"300",N,W,H0001,SANDY PINK F24/50%SANDY PINK F24,AFB1/50%AFB1,UK_5,"64986",2.00000000,203.00000000,6.00000000,2.00000000,0.00000000
2210030000000000001,"20250602","6330_VNbc_3rdShift",261,"301,453",N,W,H0001,GREY ONE F17/COLLEGIATE GOLD,AA2R/06F0,UK_3-,"66331",1.00000000,0.00000000,0.00000000,0.00000000,0.00000000
2210030000000000001,"20250602","6330_VNbc_3rdShift",262,"302",N,M,H0001,"50%SILVER PEBBLE S23/CORE BLACK","50%AESW/A0QM",UK_9,"59056",1.00000000,47.00000000,3.00000000,1.00000000,1.00000000
2210030000000000001,"20250602","6330_VNbc_3rdShift",263,"304",NA,W,H0001,IVORY S24/CORE BLACK,AF42/A0QM,UK_5-,"19383",7.00000000,790.00000000,28.00000000,7.00000000,7.00000000
2210030000000000001,"20250602","6330_VNbc_3rdShift",264,"306",N,M,H0001,BRONZE STRATA S23/GREY SIX S19/COLLEGIATE GOLD,AETD/ABZU/06F0,UK_5-,"66331",2.00000000,0.00000000,0.00000000,0.00000000,0.00000000
2210030000000000001,"20250602","6330_VNbc_3rdShift",265,"307",N,W,H0001,WONDER ALUMINA S25/50%WONDER ALUMINA S25,AFDP/50%AFDP,UK_5-,"64986",2.00000000,1.00000000,1.00000000,1.00000000,0.00000000
2210030000000000001,"20250602","6330_VNbc_3rdShift",266,"308,512",NA,W,H0001,OFF WHITE/GUM5,"08S1/27F0",UK_5-,"19383",7.00000000,0.00000000,6.00000000,6.00000000,6.00000000
2210030000000000001,"20250602","6330_VNbc_3rdShift",267,"309",N,M,H0001,CORE BLACK/BLUE/BETTER SCARLET S23,A0QM/040A/AETG,UK_9-,"66883",1.00000000,4.00000000,1.00000000,1.00000000,0.00000000
2210030000000000001,"20250602","6330_VNbc_3rdShift",268,"311",N,K,H0001,CORE BLACK/COLLEGIATE GOLD,A0QM/06F0,UK_1-,"06819",1.00000000,0.00000000,0.00000000,0.00000000,0.00000000
2210030000000000001,"20250602","6330_VNbc_3rdShift",269,"312",N,W,H0001,HALO SILVER S21/75%HALO SILVER S21,ADW8/75%ADW8,UK_7-,"64986",3.00000000,0.00000000,1.00000000,1.00000000,1.00000000
2210030000000000001,"20250602","6330_VNbc_3rdShift",270,"313",N,M,H0001,HALO SILVER S21/75%HALO SILVER S21,ADW8/75%ADW8,UK_8-,"64986",3.00000000,0.00000000,1.00000000,1.00000000,1.00000000
2210030000000000001,"20250602","6330_VNbc_3rdShift",271,"314",N,M,H0001,COBALT BLUE F24/75%COBALT BLUE F24,AFAG/75%AFAG,UK_6-,"64986",3.00000000,108.00000000,4.00000000,3.00000000,0.00000000
2210030000000000001,"20250602","6330_VNbc_3rdShift",272,"315",N,M,H0001,BLACK/ASH,BLK/A2JA,UK_7-,"03303",9.00000000,0.00000000,0.00000000,0.00000000,0.00000000
2210030000000000001,"20250602","6330_VNbc_3rdShift",273,"316",N,W,H0001,TECH INDIGO S20,ADAM,UK_13,"66680",1.00000000,0.00000000,0.00000000,0.00000000,0.00000000
2210030000000000001,"20250602","6330_VNbc_3rdShift",274,"317",N,W,H0001,"80%GUM 5","80%27F0",UK_5,"05344",4.00000000,0.00000000,0.00000000,0.00000000,0.00000000
2210030000000000001,"20250602","6330_VNbc_3rdShift",275,"318",N,M,H0001,DASH GREY S20,ADAN,UK_9-,"64546",1.00000000,94.00000000,3.00000000,1.00000000,0.00000000
2210030000000000001,"20250602","6330_VNbc_3rdShift",276,"319",N,W,H0001,TECH INDIGO S20,ADAM,UK_3-,"66680",1.00000000,0.00000000,1.00000000,1.00000000,1.00000000
2210030000000000001,"20250602","6330_VNbc_3rdShift",277,"321",N,M,H0001,"50%SILVER PEBBLE S23/CORE BLACK","50%AESW/A0QM",UK_6,"59056",1.00000000,51.00000000,3.00000000,1.00000000,1.00000000
2210030000000000001,"20250602","6330_VNbc_3rdShift",278,"323",RIGHT FOO,W,H0001,CORE BLACK,A0QM,UK_9-,"05344",1.00000000,0.00000000,0.00000000,0.00000000,0.00000000
2210030000000000001,"20250602","6330_VNbc_3rdShift",279,"325",N,M,H0001,CORE BLACK,A0QM,UK_7-,"65044",1.00000000,0.00000000,0.00000000,0.00000000,0.00000000
2210030000000000001,"20250602","6330_VNbc_3rdShift",280,"327",N,M,H0001,CORE BLACK/CARBON S18/COLLEGIATE GOLD,A0QM/AAGG/06F0,UK_6,"66331",2.00000000,0.00000000,0.00000000,0.00000000,0.00000000
2210030000000000001,"20250602","6330_VNbc_3rdShift",281,"328",N,W,H0001,CORE BLACK/75%CORE BLACK,A0QM/75%A0QM,UK_7-,"64986",3.00000000,88.00000000,4.00000000,3.00000000,1.00000000
2210030000000000001,"20250602","6330_VNbc_3rdShift",282,"329",N,W,H0001,TECH INDIGO S20,ADAM,UK_9-,"66680",1.00000000,0.00000000,1.00000000,1.00000000,1.00000000
2210030000000000001,"20250602","6330_VNbc_3rdShift",283,"330",N,M,H0001,LUCID RED S25/50%LUCID RED S25,AFDD/50%AFDD,UK_9-,"64986",4.00000000,0.00000000,0.00000000,0.00000000,0.00000000
2210030000000000001,"20250602","6330_VNbc_3rdShift",284,"333",N,W,H0001,DARK BLUE/25%DARK BLUE,"043A/25%043A",UK_5-,"64986",2.00000000,2.00000000,1.00000000,1.00000000,0.00000000
2210030000000000001,"20250602","6330_VNbc_3rdShift",285,"334",N,M,H0001,CORE BLACK/75%CORE BLACK,A0QM/75%A0QM,UK_13-,"64986",1.00000000,0.00000000,1.00000000,1.00000000,1.00000000
2210030000000000001,"20250602","6330_VNbc_3rdShift",286,"335",N,K,H0001,AURORA BLACK S24/AMBER TINT S20/POWER RED,AF4N/ADBB/31F0,UK_1,"35255-1",1.00000000,215.00000000,7.00000000,1.00000000,1.00000000
2210030000000000001,"20250602","6330_VNbc_3rdShift",287,"336,383",N,M,H0001,"50%SILVER PEBBLE S23/CORE BLACK","50%AESW/A0QM",UK_12,"59056",1.00000000,0.00000000,0.00000000,0.00000000,0.00000000
2210030000000000001,"20250602","6330_VNbc_3rdShift",288,"338",N,W,H0001,GUM4,"26F0",UK_9-,"05344",1.00000000,0.00000000,1.00000000,1.00000000,1.00000000
2210030000000000001,"20250602","6330_VNbc_3rdShift",289,"339",N,M,H0001,CORE BLACK,A0QM,UK_9,"55847",2.00000000,358.00000000,10.00000000,2.00000000,2.00000000
2210030000000000001,"20250602","6330_VNbc_3rdShift",290,"340",N,W,H0001,TECH INDIGO S20,ADAM,UK_8,"66680",2.00000000,0.00000000,0.00000000,0.00000000,0.00000000
2210030000000000001,"20250602","6330_VNbc_3rdShift",291,"341,460",N,M,H0001,FTWR WHITE,"01F7",UK_12-,"64699",1.00000000,0.00000000,0.00000000,0.00000000,0.00000000
2210030000000000001,"20250602","6330_VNbc_3rdShift",292,"342",N,U,H0001,JET BLACK/MEADOW MIST,"19-0303TPG/12-0106TPG",EU_39,PVN-6004,1.00000000,0.00000000,1.00000000,1.00000000,1.00000000
2210030000000000001,"20250602","6330_VNbc_3rdShift",293,"343,397,421",N,K,H0001,CORE BLACK/FTWR WHITE/GREY THREE F17/SCARLET/NATURAL,A0QM/01F7/AA2T/A091/NA02,UK_3-,"37610",1.00000000,0.00000000,0.00000000,0.00000000,0.00000000
2210030000000000001,"20250602","6330_VNbc_3rdShift",294,"344,400",N,M,H0001,CORE BLACK/CARBON S18/COLLEGIATE GOLD,A0QM/AAGG/06F0,UK_10-,"66331",2.00000000,216.00000000,7.00000000,4.00000000,0.00000000
2210030000000000001,"20250602","6330_VNbc_3rdShift",295,"345,425",NA,W,H0001,OFF WHITE/GUM5,"08S1/27F0",UK_6-,"19383",8.00000000,0.00000000,5.00000000,5.00000000,4.00000000
2210030000000000001,"20250602","6330_VNbc_3rdShift",296,"346",N,M,H0001,GREY ONE F17/COLLEGIATE GOLD,AA2R/06F0,UK_8,"66331",3.00000000,0.00000000,3.00000000,3.00000000,3.00000000
2210030000000000001,"20250602","6330_VNbc_3rdShift",297,"347",N,W,H0001,"80%GUM 5","80%27F0",UK_8-,"05344",1.00000000,0.00000000,0.00000000,0.00000000,0.00000000
2210030000000000001,"20250602","6330_VNbc_3rdShift",298,"349",N,M,H0001,CORE BLACK,A0QM,UK_8,"55847",2.00000000,1366.00000000,32.00000000,2.00000000,2.00000000
2210030000000000001,"20250602","6330_VNbc_3rdShift",299,"351",N,W,H0001,FTWR WHITE/90%FTWR WHITE,"01F7/90%01F7",UK_5,"64986",2.00000000,30.00000000,1.00000000,1.00000000,0.00000000
2210030000000000001,"20250602","6330_VNbc_3rdShift",300,"352",N,K,H0001,CORE BLACK/FTWR WHITE/GREY THREE F17/SCARLET/NATURAL,A0QM/01F7/AA2T/A091/NA02,UK_12K,"37610",1.00000000,0.00000000,0.00000000,0.00000000,0.00000000
2210030000000000001,"20250602","6330_VNbc_3rdShift",301,"353",N,M,H0001,CORE BLACK/COLLEGIATE GOLD,A0QM/06F0,UK_8-,"61023",4.00000000,1198.00000000,37.00000000,4.00000000,0.00000000
2210030000000000001,"20250602","6330_VNbc_3rdShift",302,"358,379",N,W,H0001,"80%GUM 5","80%27F0",UK_4,"05344",2.00000000,124.00000000,4.00000000,4.00000000,0.00000000
2210030000000000001,"20250602","6330_VNbc_3rdShift",303,"360",NA,W,H0001,OFF WHITE/GUM5,"08S1/27F0",UK_4-,"19383",7.00000000,145.00000000,11.00000000,7.00000000,7.00000000
2210030000000000001,"20250602","6330_VNbc_3rdShift",304,"362,469",N,M,H0001,LUCID LEMON F23/50%LUCID LEMON F23,AEWQ/50%AEWQ,UK_10-,"64986",4.00000000,68.00000000,3.00000000,3.00000000,0.00000000
2210030000000000001,"20250602","6330_VNbc_3rdShift",305,"363,481",N,M,H0001,FTWR WHITE,"01F7",UK_12,"64699",1.00000000,0.00000000,2.00000000,2.00000000,1.00000000
2210030000000000001,"20250602","6330_VNbc_3rdShift",306,"364",N,W,H0001,"80%GUM 2","80%18F0",UK_6,"05344",2.00000000,527.00000000,15.00000000,2.00000000,0.00000000
2210030000000000001,"20250602","6330_VNbc_3rdShift",307,"365",N,M,H0001,"50%SILVER PEBBLE S23/CORE BLACK","50%AESW/A0QM",UK_9-,"59056",1.00000000,172.00000000,7.00000000,1.00000000,1.00000000
2210030000000000001,"20250602","6330_VNbc_3rdShift",308,"366",N,M,H0001,CORE BLACK/CARBON S18,A0QM/AAGG,UK_8,"66883",1.00000000,0.00000000,0.00000000,0.00000000,0.00000000
2210030000000000001,"20250602","6330_VNbc_3rdShift",309,"367",N,M,H0001,CORE BLACK,A0QM,UK_9,"64546",1.00000000,27.00000000,2.00000000,1.00000000,1.00000000
2210030000000000001,"20250602","6330_VNbc_3rdShift",310,"368",N,M,H0001,CORE BLACK,A0QM,UK_8-,"55847",2.00000000,41.00000000,3.00000000,2.00000000,2.00000000
2210030000000000001,"20250602","6330_VNbc_3rdShift",311,"369",N,U,H0001,JET BLACK/MEADOW MIST,"19-0303TPG/12-0106TPG",EU_45,PVN-6004,1.00000000,59.00000000,3.00000000,1.00000000,1.00000000
2210030000000000001,"20250602","6330_VNbc_3rdShift",312,"370",N,W,H0001,CRYSTAL WHITE S16,A8L5,UK_4,"64546",1.00000000,346.00000000,10.00000000,1.00000000,1.00000000
2210030000000000001,"20250602","6330_VNbc_3rdShift",313,"371",N,W,H0001,"20%GUM 3","20%19F0",UK_5,"18336",6.00000000,0.00000000,0.00000000,0.00000000,0.00000000
2210030000000000001,"20250602","6330_VNbc_3rdShift",314,"375",N,W,H0001,FTWR WHITE/90%FTWR WHITE,"01F7/90%01F7",UK_6,"64986",3.00000000,3.00000000,1.00000000,1.00000000,0.00000000
2210030000000000001,"20250602","6330_VNbc_3rdShift",315,"380",N,M,H0001,CORE BLACK/CARBON S18,A0QM/AAGG,UK_6,"66883",1.00000000,0.00000000,1.00000000,1.00000000,1.00000000
2210030000000000001,"20250602","6330_VNbc_3rdShift",316,"382",N,M,H0001,CRYSTAL WHITE S16/90%CRYSTAL WHITE S16,A8L5/90%A8L5,UK_8,"64986",5.00000000,0.00000000,0.00000000,0.00000000,0.00000000
2210030000000000001,"20250602","6330_VNbc_3rdShift",317,"384,542",N,M,H0001,CRYSTAL WHITE S16/PULSE LIME S22,A8L5/AED8,UK_7,"64546",1.00000000,339.00000000,11.00000000,2.00000000,1.00000000
2210030000000000001,"20250602","6330_VNbc_3rdShift",318,"385",N,K,H0001,AURORA BLACK S24/AMBER TINT S20/POWER RED,AF4N/ADBB/31F0,UK_5-,"35255-1",2.00000000,27.00000000,3.00000000,2.00000000,2.00000000
2210030000000000001,"20250602","6330_VNbc_3rdShift",319,"386",N,W,H0001,CORE BLACK/FLASH AQUA F23,A0QM/AEWR,UK_8-,"61023",3.00000000,4.00000000,1.00000000,1.00000000,0.00000000
2210030000000000001,"20250602","6330_VNbc_3rdShift",320,"388",N,M,H0001,CORE BLACK/BOLD GOLD,A0QM/005A,UK_8-,"65533",1.00000000,0.00000000,0.00000000,0.00000000,0.00000000
2210030000000000001,"20250602","6330_VNbc_3rdShift",321,"389",N,M,H0001,HALO SILVER S21/DASH GREY S20,ADW8/ADAN,UK_12-,"61023",1.00000000,0.00000000,1.00000000,1.00000000,1.00000000
2210030000000000001,"20250602","6330_VNbc_3rdShift",322,"390",N,W,H0001,"30%GUM 1","30%17F0",UK_6-,"18336",2.00000000,0.00000000,0.00000000,0.00000000,0.00000000
2210030000000000001,"20250602","6330_VNbc_3rdShift",323,"391",N,M,H0001,CORE BLACK/75%CORE BLACK,A0QM/75%A0QM,UK_7,"64986",4.00000000,0.00000000,0.00000000,0.00000000,0.00000000
2210030000000000001,"20250602","6330_VNbc_3rdShift",324,"392",N,M,H0001,GREY STRATA S25/WONDER ALUMINA S25,AFDK/AFDP,UK_8,"64699",2.00000000,0.00000000,0.00000000,0.00000000,0.00000000
2210030000000000001,"20250602","6330_VNbc_3rdShift",325,"393",N,M,H0001,BLACK/ASH,BLK/A2JA,UK_6,"03303",10.00000000,0.00000000,0.00000000,0.00000000,0.00000000
2210030000000000001,"20250602","6330_VNbc_3rdShift",326,"394,438,457",N,K,H0001,CORE BLACK/COLLEGIATE GOLD,A0QM/06F0,UK_2,"06819",1.00000000,0.00000000,0.00000000,0.00000000,0.00000000
2210030000000000001,"20250602","6330_VNbc_3rdShift",327,"395,429",N,M,H0001,FTWR WHITE/75%FTWR WHITE,"01F7/75%01F7",UK_9,"64986",6.00000000,0.00000000,2.00000000,2.00000000,2.00000000
2210030000000000001,"20250602","6330_VNbc_3rdShift",328,"396",N,M,H0001,CORE BLACK/GREY THREE F17/LUCID RED S25,A0QM/AA2T/AFDD,UK_9-,"66883",1.00000000,124.00000000,4.00000000,1.00000000,0.00000000
2210030000000000001,"20250602","6330_VNbc_3rdShift",329,"398",N,M,H0001,CORE BLACK,A0QM,UK_5,"65044",1.00000000,0.00000000,0.00000000,0.00000000,0.00000000
2210030000000000001,"20250602","6330_VNbc_3rdShift",330,"401",N,M,H0001,CRYSTAL WHITE S16/90%CRYSTAL WHITE S16,A8L5/90%A8L5,UK_9,"64986",6.00000000,1.00000000,4.00000000,4.00000000,4.00000000
2210030000000000001,"20250602","6330_VNbc_3rdShift",331,"403",N,M,H0001,CORE BLACK/BOLD GOLD,A0QM/005A,UK_5,"55844",1.00000000,0.00000000,0.00000000,0.00000000,0.00000000
2210030000000000001,"20250602","6330_VNbc_3rdShift",332,"404",N,W,H0001,FTWR WHITE/GUM3,"01F7/19F0",UK_4-,"19383",7.00000000,0.00000000,5.00000000,5.00000000,5.00000000
2210030000000000001,"20250602","6330_VNbc_3rdShift",333,"405",N,W,H0001,CORE BLACK/FLASH AQUA F23,A0QM/AEWR,UK_4-,"61023",2.00000000,0.00000000,0.00000000,0.00000000,0.00000000
2210030000000000001,"20250602","6330_VNbc_3rdShift",334,"406",NA,W,H0001,IVORY S24/CORE BLACK,AF42/A0QM,UK_3,"19383",1.00000000,0.00000000,0.00000000,0.00000000,0.00000000
2210030000000000001,"20250602","6330_VNbc_3rdShift",335,"407",N,M,H0001,HALO SILVER S21/75%HALO SILVER S21,ADW8/75%ADW8,UK_7-,"64986",4.00000000,0.00000000,1.00000000,1.00000000,1.00000000
2210030000000000001,"20250602","6330_VNbc_3rdShift",336,"410",N,M,H0001,CORE BLACK/FTWR WHITE,A0QM/01F7,UK_8,"66883",1.00000000,1535.00000000,40.00000000,1.00000000,1.00000000
2210030000000000001,"20250602","6330_VNbc_3rdShift",337,"411,548",N,M,H0001,CRYSTAL WHITE S16/90%CRYSTAL WHITE S16,A8L5/90%A8L5,UK_6,"64986",3.00000000,4.00000000,2.00000000,2.00000000,0.00000000
2210030000000000001,"20250602","6330_VNbc_3rdShift",338,"412,488",N,M,H0001,"50%SILVER PEBBLE S23/CORE BLACK","50%AESW/A0QM",UK_7-,"59056",1.00000000,151.00000000,7.00000000,2.00000000,1.00000000
2210030000000000001,"20250602","6330_VNbc_3rdShift",339,"413,474,554",N,M,H0001,CORE BLACK/75%CORE BLACK,A0QM/75%A0QM,UK_11-,"64986",2.00000000,197.00000000,7.00000000,6.00000000,0.00000000
2210030000000000001,"20250602","6330_VNbc_3rdShift",340,"416",N,M,H0001,FTWR WHITE/75%FTWR WHITE,"01F7/75%01F7",UK_9-,"64986",4.00000000,1.00000000,4.00000000,4.00000000,4.00000000
2210030000000000001,"20250602","6330_VNbc_3rdShift",341,"417",N,M,H0001,FTWR WHITE/CORE BLACK,"01F7/A0QM",UK_8,"64546",1.00000000,9.00000000,1.00000000,1.00000000,0.00000000
2210030000000000001,"20250602","6330_VNbc_3rdShift",342,"419",N,M,H0001,BRIGHT RED/CHARCOAL S24/CORE BLACK,A0TB/AF4P/A0QM,UK_10,"59265",2.00000000,0.00000000,0.00000000,0.00000000,0.00000000
2210030000000000001,"20250602","6330_VNbc_3rdShift",343,"420",N,M,H0001,SPARK S24/PINK SPARK F24,AF47/AFAJ,UK_8-,"61023",4.00000000,1330.00000000,41.00000000,4.00000000,0.00000000
2210030000000000001,"20250602","6330_VNbc_3rdShift",344,"422",N,M,H0001,CORE BLACK,A0QM,UK_6-,"55847",1.00000000,127.00000000,4.00000000,1.00000000,1.00000000
2210030000000000001,"20250602","6330_VNbc_3rdShift",345,"423",N,W,H0001,GREY FIVE F17/50%GREY FIVE F17,AA2V/50%AA2V,UK_8-,"64986",2.00000000,0.00000000,1.00000000,1.00000000,1.00000000
2210030000000000001,"20250602","6330_VNbc_3rdShift",346,"424",N,M,H0001,COBALT BLUE F24/75%COBALT BLUE F24,AFAG/75%AFAG,UK_9-,"64986",4.00000000,263.00000000,8.00000000,4.00000000,0.00000000
2210030000000000001,"20250602","6330_VNbc_3rdShift",347,"426",N,K,H0001,AURORA BLACK S24/AMBER TINT S20/POWER RED,AF4N/ADBB/31F0,UK_6,"35255-1",2.00000000,8.00000000,3.00000000,2.00000000,2.00000000
2210030000000000001,"20250602","6330_VNbc_3rdShift",348,"427",N,M,H0001,SOLAR RED/CORE BLACK,"088A/A0QM",UK_5,"66680",1.00000000,0.00000000,0.00000000,0.00000000,0.00000000
2210030000000000001,"20250602","6330_VNbc_3rdShift",349,"430",N,M,H0001,FTWR WHITE/75%FTWR WHITE,"01F7/75%01F7",UK_7-,"64986",4.00000000,19.00000000,1.00000000,1.00000000,0.00000000
2210030000000000001,"20250602","6330_VNbc_3rdShift",350,"433,487",N,M,H0001,FTWR WHITE/75%FTWR WHITE,"01F7/75%01F7",UK_12-,"64986",2.00000000,31.00000000,4.00000000,4.00000000,2.00000000
2210030000000000001,"20250602","6330_VNbc_3rdShift",351,"434",N,W,H0001,"80%GUM 5","80%27F0",UK_3,"05344",1.00000000,0.00000000,0.00000000,0.00000000,0.00000000
2210030000000000001,"20250602","6330_VNbc_3rdShift",352,"435",NA,W,H0001,OFF WHITE/GUM5,"08S1/27F0",UK_3-,"19383",3.00000000,0.00000000,1.00000000,1.00000000,1.00000000
2210030000000000001,"20250602","6330_VNbc_3rdShift",353,"436",N,M,H0001,FTWR WHITE/CORE BLACK,"01F7/A0QM",UK_12-,"64546",1.00000000,0.00000000,0.00000000,0.00000000,0.00000000
2210030000000000001,"20250602","6330_VNbc_3rdShift",354,"437",N,M,H0001,CORE BLACK/CARBON S18/COLLEGIATE GOLD,A0QM/AAGG/06F0,UK_9-,"66331",3.00000000,0.00000000,0.00000000,0.00000000,0.00000000
2210030000000000001,"20250602","6330_VNbc_3rdShift",355,"440",N,M,H0001,GREY ONE F17/COLLEGIATE GOLD,AA2R/06F0,UK_11,"66331",2.00000000,15.00000000,1.00000000,1.00000000,0.00000000
2210030000000000001,"20250602","6330_VNbc_3rdShift",356,"441",N,M,H0001,CRYSTAL WHITE S16/PULSE LIME S22,A8L5/AED8,UK_8,"64546",1.00000000,287.00000000,8.00000000,1.00000000,0.00000000
2210030000000000001,"20250602","6330_VNbc_3rdShift",357,"442",N,M,H0001,DASH GREY S20/90%DASH GREY S20,ADAN/90%ADAN,UK_10-,"64986",4.00000000,22.00000000,1.00000000,1.00000000,0.00000000
2210030000000000001,"20250602","6330_VNbc_3rdShift",358,"448",N,M,H0001,CORE BLACK/BOLD GOLD,A0QM/005A,UK_11-,"65533",1.00000000,0.00000000,0.00000000,0.00000000,0.00000000
2210030000000000001,"20250602","6330_VNbc_3rdShift",359,"449",N,W,H0001,"80%GUM 2","80%18F0",UK_8,"05344",1.00000000,0.00000000,0.00000000,0.00000000,0.00000000
2210030000000000001,"20250602","6330_VNbc_3rdShift",360,"451",N,W,H0001,GUM4,"26F0",UK_9,"05344",1.00000000,0.00000000,0.00000000,0.00000000,0.00000000
2210030000000000001,"20250602","6330_VNbc_3rdShift",361,"452",N,M,H0001,SOLAR RED/CORE BLACK,"088A/A0QM",UK_8,"66680",2.00000000,9.00000000,3.00000000,2.00000000,2.00000000
2210030000000000001,"20250602","6330_VNbc_3rdShift",362,"454,515",N,K,H0001,CORE BLACK/FTWR WHITE/GREY THREE F17/SCARLET/NATURAL,A0QM/01F7/AA2T/A091/NA02,UK_12-K,"37610",1.00000000,0.00000000,0.00000000,0.00000000,0.00000000
2210030000000000001,"20250602","6330_VNbc_3rdShift",363,"456",N,M,H0001,CRYSTAL WHITE S16/90%CRYSTAL WHITE S16,A8L5/90%A8L5,UK_8-,"64986",3.00000000,37.00000000,2.00000000,2.00000000,0.00000000
2210030000000000001,"20250602","6330_VNbc_3rdShift",364,"458",N,M,H0001,DASH GREY S20/90%DASH GREY S20,ADAN/90%ADAN,UK_5-,"64986",3.00000000,0.00000000,0.00000000,0.00000000,0.00000000
2210030000000000001,"20250602","6330_VNbc_3rdShift",365,"459",N,K,H0001,CORE BLACK/FTWR WHITE/GREY THREE F17/SCARLET/NATURAL,A0QM/01F7/AA2T/A091/NA02,UK_5-,"37610",2.00000000,0.00000000,0.00000000,0.00000000,0.00000000
2210030000000000001,"20250602","6330_VNbc_3rdShift",366,"462,467",N,M,H0001,CORE BLACK/BOLD GOLD,A0QM/005A,UK_5,"65533",1.00000000,0.00000000,0.00000000,0.00000000,0.00000000
2210030000000000001,"20250602","6330_VNbc_3rdShift",367,"463",N,M,H0001,LUCID LEMON F23/50%LUCID LEMON F23,AEWQ/50%AEWQ,UK_8,"64986",5.00000000,0.00000000,1.00000000,1.00000000,1.00000000
2210030000000000001,"20250602","6330_VNbc_3rdShift",368,"466",N,M,H0001,GREY ONE F17/COLLEGIATE GOLD,AA2R/06F0,UK_12-,"66331",1.00000000,0.00000000,0.00000000,0.00000000,0.00000000
2210030000000000001,"20250602","6330_VNbc_3rdShift",369,"472",N,M,H0001,FTWR WHITE,"01F7",UK_7,"64699",2.00000000,0.00000000,0.00000000,0.00000000,0.00000000
2210030000000000001,"20250602","6330_VNbc_3rdShift",370,"473,541",N,M,H0001,CORE BLACK,A0QM,UK_12-,"64546",1.00000000,20.00000000,3.00000000,2.00000000,1.00000000
2210030000000000001,"20250602","6330_VNbc_3rdShift",371,"475",N,M,H0001,CORE BLACK,A0QM,UK_10-,"64546",1.00000000,17.00000000,2.00000000,1.00000000,1.00000000
2210030000000000001,"20250602","6330_VNbc_3rdShift",372,"476",N,M,H0001,CORE BLACK/FTWR WHITE,A0QM/01F7,UK_11-,"66883",1.00000000,0.00000000,0.00000000,0.00000000,0.00000000
2210030000000000001,"20250602","6330_VNbc_3rdShift",373,"478",N,M,H0001,GREY STRATA S25/WONDER ALUMINA S25,AFDK/AFDP,UK_11,"64699",1.00000000,77.00000000,2.00000000,1.00000000,0.00000000
2210030000000000001,"20250602","6330_VNbc_3rdShift",374,"479",RIGHT FOO,W,H0001,CORE BLACK,A0QM,UK_5-,"05344",3.00000000,3.00000000,1.00000000,1.00000000,0.00000000
2210030000000000001,"20250602","6330_VNbc_3rdShift",375,"484",NA,W,H0001,IVORY S24/CORE BLACK,AF42/A0QM,UK_12,"19383",1.00000000,0.00000000,0.00000000,0.00000000,0.00000000
2210030000000000001,"20250602","6330_VNbc_3rdShift",376,"485",N,K,H0001,CORE BLACK/COLLEGIATE GOLD,A0QM/06F0,UK_13-K,"06819",1.00000000,0.00000000,0.00000000,0.00000000,0.00000000
2210030000000000001,"20250602","6330_VNbc_3rdShift",377,"486",N,M,H0001,CRYSTAL WHITE S16/90%CRYSTAL WHITE S16,A8L5/90%A8L5,UK_12-,"64986",2.00000000,18.00000000,1.00000000,1.00000000,0.00000000
2210030000000000001,"20250602","6330_VNbc_3rdShift",378,"489",N,M,H0001,CORE BLACK/BOLD GOLD,A0QM/005A,UK_10-,"65533",1.00000000,0.00000000,0.00000000,0.00000000,0.00000000
2210030000000000001,"20250602","6330_VNbc_3rdShift",379,"490",N,M,H0001,GREY STRATA S25/WONDER ALUMINA S25,AFDK/AFDP,UK_7-,"64699",1.00000000,0.00000000,1.00000000,1.00000000,1.00000000
2210030000000000001,"20250602","6330_VNbc_3rdShift",380,"492,517",N,M,H0001,CRYSTAL WHITE S16/90%CRYSTAL WHITE S16,A8L5/90%A8L5,UK_10-,"64986",4.00000000,15.00000000,2.00000000,2.00000000,0.00000000
2210030000000000001,"20250602","6330_VNbc_3rdShift",381,"493",N,W,H0001,CORE BLACK/75%CORE BLACK,A0QM/75%A0QM,UK_8-,"64986",2.00000000,1.00000000,1.00000000,1.00000000,0.00000000
2210030000000000001,"20250602","6330_VNbc_3rdShift",382,"496",N,M,H0001,CARBON S18/25%CARBON S18,AAGG/25%AAGG,UK_6-,"64986",3.00000000,30.00000000,1.00000000,1.00000000,0.00000000
2210030000000000001,"20250602","6330_VNbc_3rdShift",383,"497",NA,W,H0001,IVORY S24/CORE BLACK,AF42/A0QM,UK_5,"19383",14.00000000,2049.00000000,67.00000000,14.00000000,14.00000000
2210030000000000001,"20250602","6330_VNbc_3rdShift",384,"498",N,U,H0001,JET BLACK/MEADOW MIST,"19-0303TPG/12-0106TPG",EU_36,PVN-6004,1.00000000,0.00000000,0.00000000,0.00000000,0.00000000
2210030000000000001,"20250602","6330_VNbc_3rdShift",385,"499",NA,M,H0001,"50%GUM5","50%27F0",UK_5-,"18336",7.00000000,0.00000000,0.00000000,0.00000000,0.00000000
2210030000000000001,"20250602","6330_VNbc_3rdShift",386,"500",N,M,H0001,CORE BLACK/75%CORE BLACK,A0QM/75%A0QM,UK_9,"64986",6.00000000,123.00000000,4.00000000,4.00000000,0.00000000
2210030000000000001,"20250602","6330_VNbc_3rdShift",387,"502",N,M,H0001,LUCID RED S25/50%LUCID RED S25,AFDD/50%AFDD,UK_9,"64986",6.00000000,18.00000000,1.00000000,1.00000000,0.00000000
2210030000000000001,"20250602","6330_VNbc_3rdShift",388,"503",N,M,H0001,"50%SILVER PEBBLE S23/CORE BLACK","50%AESW/A0QM",UK_5,"59056",1.00000000,0.00000000,1.00000000,1.00000000,1.00000000
2210030000000000001,"20250602","6330_VNbc_3rdShift",389,"504",N,M,H0001,FTWR WHITE,"01F7",UK_8,"64699",2.00000000,0.00000000,2.00000000,2.00000000,2.00000000
2210030000000000001,"20250602","6330_VNbc_3rdShift",390,"505",N,W,H0001,WONDER QUARTZ S23/50%WONDER QUARTZ S23,AESR/50%AESR,UK_7,"64986",3.00000000,0.00000000,0.00000000,0.00000000,0.00000000
2210030000000000001,"20250602","6330_VNbc_3rdShift",391,"506",N,K,H0001,AURORA BLACK S24/AMBER TINT S20/POWER RED,AF4N/ADBB/31F0,UK_11-K,"35255-1",1.00000000,0.00000000,0.00000000,0.00000000,0.00000000
2210030000000000001,"20250602","6330_VNbc_3rdShift",392,"508",N,M,H0001,CORE BLACK/CARBON S18,A0QM/AAGG,UK_10-,"66883",1.00000000,42.00000000,3.00000000,1.00000000,1.00000000
2210030000000000001,"20250602","6330_VNbc_3rdShift",393,"509",N,M,H0001,FTWR WHITE/75%FTWR WHITE,"01F7/75%01F7",UK_8-,"64986",3.00000000,82.00000000,3.00000000,3.00000000,0.00000000
2210030000000000001,"20250602","6330_VNbc_3rdShift",394,"511",N,M,H0001,CORE BLACK/BOLD GOLD,A0QM/005A,UK_10,"55844",1.00000000,0.00000000,0.00000000,0.00000000,0.00000000
2210030000000000001,"20250602","6330_VNbc_3rdShift",395,"514",N,M,H0001,CARBON S18/25%CARBON S18,AAGG/25%AAGG,UK_7,"64986",4.00000000,0.00000000,0.00000000,0.00000000,0.00000000
2210030000000000001,"20250602","6330_VNbc_3rdShift",396,"516",N,W,H0001,LUCID LEMON F23/50%LUCID LEMON F23,AEWQ/50%AEWQ,UK_6,"64986",3.00000000,1.00000000,1.00000000,1.00000000,0.00000000
2210030000000000001,"20250602","6330_VNbc_3rdShift",397,"519",N,W,H0001,CORE BLACK/COLLEGIATE GOLD,A0QM/06F0,UK_4,"66331",1.00000000,0.00000000,1.00000000,1.00000000,1.00000000
2210030000000000001,"20250602","6330_VNbc_3rdShift",398,"520",N,M,H0001,CORE BLACK,A0QM,UK_6,"64699",2.00000000,0.00000000,0.00000000,0.00000000,0.00000000
2210030000000000001,"20250602","6330_VNbc_3rdShift",399,"521",N,M,H0001,CORE BLACK/BOLD GOLD,A0QM/005A,UK_4,"55844",1.00000000,13.00000000,1.00000000,1.00000000,1.00000000
2210030000000000001,"20250602","6330_VNbc_3rdShift",400,"522",N,M,H0001,COBALT BLUE F24/75%COBALT BLUE F24,AFAG/75%AFAG,UK_5-,"64986",3.00000000,65.00000000,2.00000000,2.00000000,1.00000000
2210030000000000001,"20250602","6330_VNbc_3rdShift",401,"524",N,M,H0001,CORE BLACK/BOLD GOLD,A0QM/005A,UK_11,"55844",1.00000000,0.00000000,0.00000000,0.00000000,0.00000000
2210030000000000001,"20250602","6330_VNbc_3rdShift",402,"525",N,M,H0001,"50%SILVER PEBBLE S23/CORE BLACK","50%AESW/A0QM",UK_8-,"59056",1.00000000,0.00000000,1.00000000,1.00000000,1.00000000
2210030000000000001,"20250602","6330_VNbc_3rdShift",403,"527",NA,W,H0001,IVORY S24/CORE BLACK,AF42/A0QM,UK_6-,"19383",8.00000000,1763.00000000,54.00000000,8.00000000,8.00000000
2210030000000000001,"20250602","6330_VNbc_3rdShift",404,"529",N,K,H0001,CORE BLACK/COLLEGIATE GOLD,A0QM/06F0,UK_12K,"06819",1.00000000,0.00000000,0.00000000,0.00000000,0.00000000
2210030000000000001,"20250602","6330_VNbc_3rdShift",405,"530",N,M,H0001,CORE BLACK/BOLD GOLD,A0QM/005A,UK_13,"55844",1.00000000,0.00000000,0.00000000,0.00000000,0.00000000
2210030000000000001,"20250602","6330_VNbc_3rdShift",406,"531",N,M,H0001,HALO SILVER S21/75%HALO SILVER S21,ADW8/75%ADW8,UK_12,"64986",1.00000000,1.00000000,1.00000000,1.00000000,1.00000000
2210030000000000001,"20250602","6330_VNbc_3rdShift",407,"532",N,W,H0001,FTWR WHITE/75%FTWR WHITE,"01F7/75%01F7",UK_5,"64986",2.00000000,145.00000000,5.00000000,2.00000000,0.00000000
2210030000000000001,"20250602","6330_VNbc_3rdShift",408,"533",N,M,H0001,CORE BLACK/BETTER SCARLET S23,A0QM/AETG,UK_11,"19732",2.00000000,0.00000000,1.00000000,1.00000000,1.00000000
2210030000000000001,"20250602","6330_VNbc_3rdShift",409,"534",N,M,H0001,COBALT BLUE F24/75%COBALT BLUE F24,AFAG/75%AFAG,UK_9,"64986",6.00000000,409.00000000,12.00000000,6.00000000,0.00000000
2210030000000000001,"20250602","6330_VNbc_3rdShift",410,"535",N,W,H0001,FTWR WHITE/GUM3,"01F7/19F0",UK_6,"19383",13.00000000,623.00000000,21.00000000,13.00000000,12.00000000
2210030000000000001,"20250602","6330_VNbc_3rdShift",411,"536",N,M,H0001,COBALT BLUE F24/75%COBALT BLUE F24,AFAG/75%AFAG,UK_8,"64986",5.00000000,281.00000000,10.00000000,5.00000000,4.00000000
2210030000000000001,"20250602","6330_VNbc_3rdShift",412,"539",N,M,H0001,HALO SILVER S21/75%HALO SILVER S21,ADW8/75%ADW8,UK_10,"64986",4.00000000,1.00000000,1.00000000,1.00000000,0.00000000
2210030000000000001,"20250602","6330_VNbc_3rdShift",413,"540",N,M,H0001,CORE BLACK/75%CORE BLACK,A0QM/75%A0QM,UK_8,"64986",5.00000000,86.00000000,3.00000000,3.00000000,0.00000000
2210030000000000001,"20250602","6330_VNbc_3rdShift",414,"543",N,M,H0001,CORE BLACK/BOLD GOLD,A0QM/005A,UK_4-,"65533",1.00000000,0.00000000,0.00000000,0.00000000,0.00000000
2210030000000000001,"20250602","6330_VNbc_3rdShift",415,"546",N,M,H0001,SOLAR RED/CORE BLACK,"088A/A0QM",UK_10,"66680",1.00000000,70.00000000,3.00000000,1.00000000,1.00000000
2210030000000000001,"20250602","6330_VNbc_3rdShift",416,"547",N,M,H0001,HALO SILVER S21/75%HALO SILVER S21,ADW8/75%ADW8,UK_15,"64986",1.00000000,0.00000000,0.00000000,0.00000000,0.00000000
2210030000000000001,"20250602","6330_VNbc_3rdShift",417,"549",N,M,H0001,DASH GREY S20,ADAN,UK_9,"64546",1.00000000,191.00000000,5.00000000,1.00000000,0.00000000
2210030000000000001,"20250602","6330_VNbc_3rdShift",418,"550",N,M,H0001,CRYSTAL WHITE S16/90%CRYSTAL WHITE S16,A8L5/90%A8L5,UK_13-,"64986",1.00000000,4.00000000,1.00000000,1.00000000,0.00000000
2210030000000000001,"20250602","6330_VNbc_3rdShift",419,"552",N,M,H0001,"50%SILVER PEBBLE S23/CORE BLACK","50%AESW/A0QM",UK_4-,"59056",1.00000000,0.00000000,1.00000000,1.00000000,1.00000000
2210030000000000001,"20250602","6330_VNbc_3rdShift",420,"553",N,M,H0001,CORE BLACK/75%CORE BLACK,A0QM/75%A0QM,UK_9-,"64986",4.00000000,114.00000000,4.00000000,4.00000000,0.00000000
2210030000000000001,"20250602","6330_VNbc_3rdShift",421,"555",N,M,H0001,CORE BLACK,A0QM,UK_7,"01746",5.00000000,0.00000000,0.00000000,0.00000000,0.00000000
2210030000000000001,"20250602","6330_VNbc_3rdShift",422,"556",N,K,H0001,AURORA BLACK S24/AMBER TINT S20/POWER RED,AF4N/ADBB/31F0,UK_12-K,"35255-1",1.00000000,0.00000000,0.00000000,0.00000000,0.00000000
